year, AVG, oak, bee, butterfly, maple, poplar, willow, yew, hare, bat, dolphin, fox, rabbit, shrew, vole, beaver, badger, marten, otter, seal, weasel, wildcat, mink, deer, duck, goose, grouse, partridge, swan, wild boar, quail, albatross, cormorant, gannet, petrel, pheasant, shearwater, bittern, eagle, egret, grebe, harrier, heron, ibis, spoonbill, stork, osprey, bustard, falcon, kestrel, owl, plover, sandpiper, skua, woodpecker, alder, aspen, birch, dogwood, hawthorn, hornbeam, juniper
1800,0.76,1.11,0.77,0.7,0.61,0.85,0.93,1.1,1.73,1.62,1.09,1.21,0.39,1.3,0.35,1.21,0.96,0.53,1.73,0.46,0.59,0.13,0.34,1.23,0.73,0.55,0.33,1.08,0.51,1.17,0.6,0.16,1.03,0.42,0.32,0.48,0.14,0.99,1.07,0.81,0.94,0.66,0.62,1.75,0.73,0.76,0.2,0.3,0.91,0.05,0.86,0.78,1.01,0.06,0.55,0.96,0.21,1.23,0.24,0.7,0.95,0.85
1801,0.74,1.13,0.79,0.61,0.57,0.78,0.87,1,1.7,1.73,1.13,1.14,0.38,1.15,0.4,1.18,0.9,0.47,1.65,0.53,0.6,0.13,0.29,1.12,0.7,0.57,0.31,1.02,0.53,1.15,0.57,0.15,1.07,0.35,0.29,0.44,0.15,1.03,1.05,0.68,0.75,0.6,0.96,1.86,0.62,0.75,0.2,0.28,0.99,0.04,0.79,0.73,0.82,0.06,0.45,0.91,0.23,1.14,0.31,0.75,0.95,0.84
1802,0.75,1.17,0.82,0.57,0.64,0.78,0.92,1.06,1.69,1.7,1.12,1.1,0.36,1.26,0.44,1.19,0.8,0.43,1.52,0.64,0.7,0.13,0.31,1.12,0.68,0.65,0.27,0.97,0.55,1.1,0.59,0.19,1.06,0.32,0.25,0.46,0.15,1.28,1.05,0.6,0.66,0.56,0.97,1.88,0.58,0.74,0.34,0.32,0.99,0.04,0.79,0.67,0.69,0.07,0.45,0.96,0.32,1.08,0.29,0.76,0.97,0.85
1803,0.77,1.14,0.79,0.59,0.61,0.78,0.92,1.03,1.69,1.69,1.1,1.04,0.39,1.36,0.44,1.18,0.8,0.42,1.48,0.69,0.9,0.11,0.32,1.15,0.75,0.73,0.26,1.11,0.58,1.09,0.62,0.21,1.1,0.44,0.26,0.52,0.15,1.33,1.07,0.72,0.67,0.58,0.96,1.81,0.68,0.81,0.48,0.39,1.06,0.07,0.89,0.65,0.63,0.1,0.4,0.99,0.31,1.07,0.3,0.76,0.89,0.86
1804,0.8,1.14,0.78,0.49,0.57,0.74,0.91,1,1.82,1.76,1.05,1.12,0.4,1.41,0.51,1.21,0.85,0.31,1.48,0.8,1.16,0.12,0.28,1.15,0.74,0.86,0.23,1.17,0.63,1.02,0.69,0.26,1.23,0.6,0.27,0.68,0.15,1.37,1.07,0.63,0.7,0.74,1.08,1.91,0.77,0.86,0.49,0.55,1.1,0.08,0.96,0.62,0.64,0.11,0.4,0.95,0.38,0.96,0.28,0.8,0.95,0.81
1805,0.81,1.26,0.77,0.46,0.58,0.81,0.89,0.95,1.84,1.81,1.07,1.09,0.39,1.39,0.5,1.18,0.77,0.31,1.45,0.86,1.06,0.14,0.25,1.11,0.73,0.96,0.27,1.15,0.68,1.1,0.69,0.25,1.3,0.62,0.25,0.7,0.13,1.43,1.07,0.7,0.72,0.79,1.19,2.03,0.71,0.97,0.43,0.61,1.13,0.14,0.95,0.66,0.61,0.09,0.35,0.94,0.42,0.94,0.28,0.86,0.98,0.85
1806,0.83,1.28,0.87,0.5,0.66,0.9,0.91,0.96,1.93,1.92,0.97,1.1,0.45,1.47,0.51,1.24,0.77,0.31,1.34,0.95,1.14,0.14,0.24,1.12,0.72,1.07,0.32,1.2,0.69,1.16,0.72,0.26,1.28,0.59,0.27,0.76,0.11,1.42,1.05,0.65,0.35,0.8,1.19,2.1,0.92,1.05,0.48,0.72,1.04,0.18,0.97,0.55,0.09,0.13,0.27,0.96,0.45,0.93,0.37,0.85,1.06,0.96
1807,0.84,1.25,1.08,0.48,0.7,0.99,1.03,1.08,2.13,2.17,0.99,1.04,0.43,1.18,0.58,1.19,0.64,0.36,1.27,1.03,1.08,0.13,0.27,1.06,0.74,1.16,0.27,1.16,0.86,1.2,0.81,0.25,1.29,0.55,0.27,0.78,0.11,1.38,1.13,0.56,0.34,0.67,1.24,2.24,0.93,1.2,0.48,0.77,1.07,0.22,1.09,0.57,0.09,0.13,0.24,0.92,0.47,0.82,0.33,0.93,0.63,0.95
1808,0.85,1.28,1.02,0.49,0.76,1.06,1.06,1.14,2.17,2.1,0.94,1.09,0.44,1.19,0.6,1.18,0.61,0.37,1.35,1.07,1.08,0.11,0.3,1.1,0.79,1.25,0.26,1.16,0.87,1.22,0.85,0.25,1.32,0.59,0.27,0.85,0.09,1.3,1.13,0.58,0.36,0.68,1,2.22,0.99,1.18,0.48,0.78,0.97,0.22,1.15,0.57,0.09,0.13,0.24,0.98,0.54,0.81,0.39,0.9,0.72,1.06
1809,0.83,1.2,1.04,0.48,0.72,1.09,1.03,1.07,2.19,2.1,0.89,1.09,0.44,1.04,0.57,1.14,0.65,0.38,1.32,1.13,0.98,0.09,0.31,1.17,0.79,1.24,0.32,1.22,0.88,1.23,0.85,0.19,1.23,0.58,0.27,0.99,0.07,1,1.1,0.61,0.35,0.65,0.99,2.19,0.97,1.16,0.38,0.81,0.92,0.24,1.14,0.54,0.08,0.13,0.24,0.92,0.47,0.96,0.38,0.87,0.73,1.06
1810,0.87,1.22,1.09,0.44,0.75,1.07,1.04,1.15,2.28,2.13,0.93,1.17,0.41,1.26,0.64,1.11,0.68,0.38,1.35,1.18,0.89,0.09,0.29,1.23,0.78,1.26,0.35,1.1,0.89,1.25,0.89,0.21,1.25,0.63,0.32,1.03,0.09,0.91,1.07,0.51,0.41,0.71,1.02,2.59,0.95,1.06,0.34,0.93,0.91,0.25,1.11,0.7,0.6,0.16,0.29,0.91,0.53,1.03,0.33,0.88,0.79,1.07
1811,0.82,1.17,1.16,0.4,0.95,1.02,1.04,1.12,2.17,2.15,0.92,1.07,0.37,1.21,0.59,0.94,0.62,0.39,1.19,1.2,0.63,0.09,0.29,1.15,0.76,1.21,0.39,1.11,0.87,1.15,0.81,0.16,1.07,0.45,0.32,0.91,0.1,0.82,1,0.45,0.37,0.55,0.86,2.72,0.75,0.98,0.34,0.82,0.81,0.26,0.99,0.65,0.59,0.19,0.26,0.94,0.51,1.03,0.38,0.77,0.77,1.07
1812,0.86,1.09,1.32,0.45,0.97,1.01,1.22,1.06,2.13,2.25,0.97,1.51,0.37,1.17,0.6,1.2,0.62,0.38,1.19,1.22,0.66,0.04,0.36,1.27,0.81,1.15,0.38,0.99,0.87,1.04,0.85,0.25,1.06,0.53,0.79,0.93,0.13,0.82,1.01,0.39,0.34,0.5,0.8,2.78,0.88,0.92,0.37,0.83,0.81,0.22,0.95,0.69,0.59,0.21,0.43,1.05,0.54,1.08,0.46,0.73,0.77,1.22
1813,0.87,1.1,1.27,0.52,0.96,1,1.23,1.1,2.13,2.21,1.02,1.53,0.34,1.16,0.61,1.08,0.63,0.36,1.2,1.24,0.67,0.05,0.36,1.28,0.82,1.15,0.38,0.97,0.91,0.91,0.86,0.35,1.15,0.78,0.67,0.98,0.1,0.89,1.05,0.39,0.34,0.51,0.88,3.08,0.74,1.03,0.48,0.83,0.86,0.17,0.98,0.7,0.63,0.16,0.39,1,0.55,1.04,0.37,0.71,0.81,1.33
1814,0.83,1.02,0.99,0.51,0.91,0.87,1.07,0.95,1.94,1.85,1.03,1.58,0.36,1.14,0.55,1.1,0.63,0.34,1.21,1.2,0.7,0.04,0.39,1.23,0.78,1.06,0.39,0.95,0.75,0.85,0.78,0.43,1.06,0.83,0.66,0.95,0.1,0.95,0.97,0.63,0.33,0.57,0.83,3.1,0.74,0.9,0.56,0.79,0.82,0.14,0.87,0.68,0.64,0.17,0.39,0.93,0.57,1.2,0.31,0.62,0.74,1.22
1815,0.83,0.98,1.09,0.54,0.87,0.84,1.06,0.9,1.92,1.89,1.07,1.53,0.36,1.12,0.57,1.15,0.68,0.38,1.08,1.28,0.7,0.04,0.39,1.23,0.73,0.99,0.46,0.97,0.71,0.77,0.74,0.45,0.94,0.83,0.68,0.95,0.11,0.99,0.96,0.61,0.34,0.57,0.83,3.17,0.66,0.91,0.55,0.99,0.8,0.15,0.82,0.66,0.7,0.22,0.43,0.89,0.5,1.21,0.16,0.65,0.58,1.08
1816,0.87,1.09,0.99,0.61,1.23,0.96,1.09,0.98,1.89,1.84,1.08,1.56,0.38,1.13,0.68,1.31,0.66,0.36,1.16,1.24,0.76,0.1,0.51,1.25,0.76,1,0.46,0.92,0.72,0.8,0.74,0.46,0.97,0.83,0.69,0.87,0.1,1.1,0.97,0.56,0.32,0.62,0.8,3.26,0.63,0.93,0.52,0.93,0.86,0.12,0.87,0.71,0.7,0.22,0.42,0.96,0.64,1.13,0.9,0.71,0.59,1.12
1817,0.79,1.05,0.93,0.6,1.3,1,1.07,0.92,1.73,1.71,1.03,1.57,0.37,0.68,0.61,1.32,0.58,0.33,1.09,1.22,0.67,0.1,0.52,1.13,0.67,0.91,0.42,1.01,0.7,0.77,0.67,0.42,0.86,0.65,0.6,0.76,0.06,1.06,0.98,0.48,0.15,0.51,0.7,2.87,0.53,1.02,0.43,0.74,0.72,0.09,0.79,0.53,0.17,0.19,0.39,0.89,0.66,1.02,1.03,0.69,0.61,1.06
1818,0.82,1.09,0.9,0.65,1.09,1.05,1.07,0.93,1.68,1.64,1.05,1.7,0.36,1.3,0.61,1.39,0.55,0.36,1.08,1.24,0.79,0.09,0.49,1.21,0.67,0.92,0.42,0.92,0.68,0.8,0.75,0.47,0.96,0.83,0.62,0.78,0.07,1.08,0.99,0.48,0.18,0.49,0.73,2.52,0.53,0.98,0.58,0.82,0.8,0.09,0.87,0.54,0.2,0.15,0.44,0.9,0.69,1.02,0.99,0.8,0.69,1.12
1819,0.78,1.08,0.73,0.63,1.16,1,0.86,0.94,1.62,1.5,0.99,1.24,0.35,1.33,0.61,1.15,0.54,0.4,1.02,1.28,0.81,0.08,0.44,1.1,0.63,0.94,0.37,0.95,0.67,0.84,0.76,0.43,0.92,0.86,0.17,0.76,0.04,1.13,0.97,0.51,0.17,0.43,0.77,2.34,0.57,1,0.64,0.81,0.8,0.09,0.93,0.47,0.19,0.13,0.35,0.78,0.69,0.99,0.96,0.82,0.63,0.97
1820,0.75,1.04,0.74,0.56,1.17,0.91,0.87,0.92,1.54,1.44,0.92,1.14,0.38,1.35,0.58,1.22,0.54,0.64,0.97,1.27,0.98,0.07,0.42,1.11,0.63,0.95,0.4,0.99,0.64,1.05,0.77,0.33,0.76,0.68,0.16,0.8,0.04,1.14,0.91,0.49,0.15,0.44,0.7,1.85,0.29,0.83,0.56,0.76,0.82,0.09,0.9,0.44,0.15,0.15,0.38,0.79,0.73,0.99,1.08,0.85,0.63,0.8
1821,0.77,1.04,0.76,0.59,1.28,0.91,0.89,0.93,1.51,1.41,0.91,1.08,0.37,1.35,0.58,1.27,0.54,0.84,0.99,1.34,1.01,0.09,0.42,1.22,0.68,0.97,0.44,1.28,0.69,1.09,0.8,0.26,0.8,0.71,0.18,0.84,0.05,1.04,0.9,0.28,0.14,0.44,0.68,1.65,0.27,0.83,0.5,0.78,0.8,0.1,0.89,0.46,0.15,0.15,0.38,0.82,0.75,0.91,1.2,0.91,0.7,0.92
1822,0.8,1.08,0.74,0.62,1.42,1,0.95,1.03,1.47,1.33,0.84,1.11,0.4,1.38,0.54,1.22,0.53,0.81,1.02,1.28,1.15,0.09,0.42,1.22,0.73,1.02,0.42,1.27,0.76,1.16,0.87,0.3,0.85,0.82,0.21,0.91,0.05,1.09,0.93,0.33,0.16,0.53,0.73,1.49,0.48,0.89,0.56,0.67,0.88,0.11,0.95,0.52,0.13,0.11,0.41,0.92,0.87,1,1.45,0.95,0.86,1.04
1823,0.78,1.01,0.75,0.61,1.05,0.84,0.92,0.96,1.52,1.42,0.87,1.14,0.39,1.53,0.49,1.03,0.56,0.9,0.91,1.29,1.1,0.04,0.27,1.15,0.77,1.08,0.43,1.29,0.77,1.17,0.9,0.3,0.91,0.86,0.19,1.06,0.05,1.01,0.92,0.36,0.16,0.55,0.74,1.32,0.5,0.93,0.58,0.77,0.87,0.13,0.94,0.55,0.14,0.12,0.44,0.81,0.79,0.93,0.85,0.97,0.77,1.03
1824,0.81,1.01,0.74,0.62,1,0.79,0.9,0.92,1.57,1.52,0.87,1.08,0.41,1.57,0.5,1.07,0.62,1.15,0.97,1.32,1.19,0.04,0.26,1.2,0.79,1.12,0.45,1.21,0.78,1.21,0.92,0.35,0.94,0.88,0.22,1.11,0.06,0.98,0.89,0.46,0.17,0.59,0.85,1.47,0.54,0.94,0.73,0.87,0.99,0.14,0.92,0.56,0.12,0.08,0.46,0.81,0.78,0.97,0.76,1.01,0.67,1.06
1825,0.81,0.99,0.72,0.65,0.99,0.77,0.87,0.92,1.56,1.56,0.87,1,0.42,0.94,0.49,1.06,0.64,1.16,0.99,1.29,1.19,0.07,0.32,1.12,0.8,1.1,0.46,1.19,0.78,1.27,0.86,0.37,0.91,0.79,0.27,1.16,0.07,0.99,0.94,0.57,0.19,0.64,0.93,1.52,0.99,1.07,0.59,0.84,0.96,0.1,0.91,0.63,0.14,0.11,0.56,0.78,0.79,0.99,0.85,0.96,0.63,0.96
1826,0.85,1,0.71,0.64,0.94,0.8,0.91,0.95,1.54,1.52,0.91,0.95,0.42,0.9,0.51,1.32,0.68,1.16,0.9,1.29,1.13,0.08,0.32,1.14,0.81,1.1,0.46,1.22,0.8,1.34,0.94,0.41,0.89,0.67,0.39,1.23,0.08,1.03,0.97,0.67,0.31,0.69,0.96,1.68,1.18,1.13,0.64,1.1,1.04,0.12,0.92,0.79,0.38,0.1,0.66,0.83,0.87,0.98,0.8,0.98,0.77,0.96
1827,0.84,1.04,0.68,0.63,0.9,0.82,0.89,1,1.47,1.47,1.02,0.96,0.38,0.83,0.52,1.26,0.69,0.96,0.95,1.33,0.95,0.09,0.35,1.08,0.78,1.09,0.45,1.15,0.85,1.17,0.92,0.4,0.87,0.53,0.4,1.17,0.07,0.94,1.25,0.61,0.28,0.68,1.02,1.7,1.18,1.31,0.64,1.06,1.15,0.14,0.89,0.76,0.39,0.1,0.66,0.86,0.89,0.94,0.73,0.99,0.72,0.94
1828,0.86,1.06,0.7,0.62,0.84,0.88,0.91,0.99,1.5,1.46,0.96,1,0.37,0.8,0.58,1.22,0.75,0.98,0.92,1.31,0.93,0.08,0.31,1.03,0.81,1.11,0.58,1.01,0.9,1.17,0.94,0.41,0.97,0.52,0.46,1.14,0.06,1.01,1.31,0.72,0.42,0.74,1.14,1.74,1.29,1.26,0.74,1.03,1.19,0.14,0.95,0.87,0.53,0.13,0.91,0.84,0.86,0.9,0.62,0.96,0.68,1.01
1829,0.85,1.03,0.7,0.6,0.81,0.8,0.88,0.91,1.46,1.46,0.92,1.02,0.33,0.86,0.57,1.25,0.76,1.05,0.89,1.3,0.79,0.08,0.35,1.07,0.76,1.11,0.64,1.02,0.87,1.15,0.98,0.37,1.1,0.44,0.6,1.05,0.05,1.01,1.35,0.75,0.42,0.62,1.16,1.83,1.17,1.34,0.77,1.05,1.24,0.16,1.04,0.8,0.61,0.1,1.25,0.76,0.84,0.84,0.52,0.89,0.52,0.94
1830,0.88,1.01,0.72,0.61,0.97,0.78,0.84,0.92,1.38,1.31,0.9,0.96,0.34,0.67,0.7,1.29,0.78,1.01,0.97,1.27,0.87,0.1,0.36,1.05,0.74,1.1,0.71,1,0.96,1.13,1.01,0.46,1.07,0.53,0.62,0.94,0.05,1.23,1.41,0.83,0.6,0.66,1.23,1.77,1.49,1.32,0.82,1.03,1.26,0.19,1.03,0.85,0.71,0.11,1.25,0.8,1.11,0.85,0.48,0.85,0.49,0.9
1831,0.91,1.1,0.75,0.7,1.07,0.83,0.88,0.96,1.4,1.24,0.92,0.95,0.35,0.69,0.92,1.33,0.76,0.99,0.88,1.26,0.82,0.1,0.36,1.06,0.78,1.11,0.89,1,0.98,1.15,1.08,0.6,1.12,0.73,0.79,1.01,0.05,1.36,1.45,0.76,0.69,0.64,1.36,1.65,1.68,1.25,0.72,0.99,1.24,0.23,1.11,0.97,0.73,0.25,1.33,0.88,1.1,0.84,0.5,0.88,0.53,0.93
1832,0.95,1.14,0.74,0.73,1.13,0.89,0.93,1.03,1.4,1.15,0.98,0.91,0.36,0.66,1.21,1.35,0.82,0.98,0.92,1.25,0.8,0.08,0.32,1.13,0.8,1.14,0.96,1.01,1.04,1.12,1.1,0.87,1.16,0.96,0.76,1.04,0.07,1.61,1.45,0.74,0.8,0.75,1.37,1.61,1.33,1.24,0.77,1.05,1.29,0.3,1.11,0.98,0.7,0.34,1.33,0.92,1.08,0.86,0.57,0.94,0.65,1.03
1833,0.91,1.12,0.76,0.76,1.13,0.9,0.94,0.98,1.34,1.1,0.92,1.01,0.35,0.77,1.19,1.18,0.8,0.96,0.98,1.23,0.83,0.07,0.37,1.12,0.79,1.12,1.03,0.96,1.09,1.07,0.99,0.83,1.13,0.97,0.66,0.95,0.12,1.57,1.44,0.59,0.74,0.78,1.33,1.36,1.16,1.14,0.67,0.85,1.22,0.31,1.05,0.87,0.5,0.43,1.28,0.88,1.03,0.88,0.59,0.92,0.54,1.05
1834,0.95,1.08,0.74,0.76,1.14,0.89,0.93,0.88,1.36,1.05,0.83,1.03,0.36,0.78,1.25,1.24,0.77,1.16,0.96,1.19,0.93,0.1,0.34,1.15,0.76,1.12,1.13,0.98,1.05,1.08,1,0.84,1.24,1.07,0.68,0.94,0.18,1.65,1.2,0.87,0.77,1.02,1.31,1.37,1.41,1.08,0.86,0.99,1.14,0.45,1.09,1.08,0.88,0.42,1.43,0.85,1.08,0.9,0.57,0.93,0.53,1.09
1835,0.94,1.06,0.7,0.79,1.11,0.79,0.89,0.89,1.28,1.01,0.84,1.02,0.37,0.81,1.53,1.17,0.72,1.69,1.1,1.2,0.92,0.08,0.35,1.21,0.74,1.08,1.07,0.85,0.99,1.07,0.99,0.84,1.15,1.17,0.66,1,0.2,1.67,1.15,0.75,0.67,0.93,1.24,1.24,1.33,1.14,0.76,1.04,1.13,0.44,1.01,1.01,0.79,0.39,1.18,0.84,1.15,0.91,0.56,0.96,0.52,1
1836,0.9,1.05,0.75,0.74,1.03,0.76,0.92,0.87,1.27,0.92,0.84,0.99,0.36,0.78,1.54,1.19,0.71,1.66,1.06,1.26,0.9,0.08,0.31,1.21,0.71,1.02,1.02,0.82,1.04,1.06,0.97,0.83,0.97,1.12,0.46,0.96,0.21,1.63,1.1,0.71,0.63,0.94,1.24,1.05,1.24,1.03,0.68,0.99,1.04,0.4,0.87,1.05,0.71,0.39,0.8,0.8,1.17,0.88,0.46,0.94,0.5,0.91
1837,0.86,1.02,0.76,0.73,0.81,0.75,0.91,0.89,1.28,0.93,0.81,1.07,0.35,0.79,1.4,1.22,0.66,1.92,1.03,1.29,0.86,0.06,0.29,1.18,0.69,0.96,0.95,0.81,0.91,1.03,0.96,0.92,1,1.04,0.47,0.96,0.23,1.41,1.04,0.64,0.5,0.88,1.19,1.04,0.95,1,0.67,1.02,0.98,0.38,0.82,1.01,0.65,0.38,0.83,0.75,0.91,0.84,0.42,0.91,0.5,0.88
1838,0.82,1.01,0.78,0.67,0.67,0.77,0.91,0.97,1.21,0.87,0.77,1.24,0.33,0.74,1.2,1.13,0.66,1.79,1.09,1.33,0.86,0.06,0.28,1.13,0.66,0.98,0.83,0.77,0.91,0.98,0.93,0.83,0.93,0.79,0.36,0.9,0.22,1.3,1.04,0.62,0.42,0.88,1.01,1.01,0.77,1.02,0.6,0.93,0.9,0.34,0.76,0.91,0.62,0.29,0.77,0.71,0.92,0.82,0.38,0.89,0.46,0.88
1839,0.8,1.07,0.8,0.63,0.65,0.84,0.93,1.07,1.16,0.85,0.83,1.28,0.33,0.92,0.92,1.13,0.64,1.85,1.11,1.35,0.84,0.06,0.27,1.13,0.68,0.99,0.82,0.79,0.86,1.05,0.95,0.58,0.94,0.52,0.39,0.84,0.25,1.04,1.03,0.57,0.29,0.75,0.94,0.91,0.69,0.95,0.65,0.86,0.88,0.29,0.78,0.9,0.62,0.17,0.68,0.71,1.03,0.84,0.54,0.88,0.66,0.92
1840,0.83,1.06,0.82,0.6,0.61,0.85,0.91,1.08,1.21,0.89,0.86,1.23,0.36,0.85,0.94,1.09,0.63,1.84,1.1,1.33,0.88,0.07,0.23,1.12,0.72,1.03,0.91,0.77,0.8,1.02,0.99,0.64,0.98,0.56,0.5,0.86,0.3,1.16,1.01,0.72,0.4,0.9,0.91,0.93,0.71,0.96,0.8,0.89,0.87,0.36,0.85,0.96,0.95,0.27,0.69,0.7,1,0.8,0.57,0.85,0.71,0.94
1841,0.81,1.1,0.81,0.63,0.74,0.91,0.96,1.19,1.21,0.91,0.84,1.26,0.36,0.89,0.92,1.08,0.7,1.61,1.09,1.38,0.81,0.05,0.25,1.13,0.76,1.03,0.9,0.76,0.81,1.01,1.01,0.65,0.98,0.51,0.57,0.89,0.25,1,1.01,0.47,0.45,0.65,0.9,0.88,0.57,0.82,0.66,0.89,0.9,0.27,0.82,0.79,0.63,0.33,0.59,0.77,0.98,0.79,0.64,0.86,0.85,0.98
1842,0.81,1.1,0.87,0.59,0.72,0.93,0.97,1.25,1.26,0.92,0.85,1.31,0.36,0.84,0.63,1.09,0.72,0.87,0.96,1.56,0.82,0.05,0.24,1.05,0.7,1.03,0.88,0.73,0.79,1.06,1.02,0.75,0.97,0.38,0.65,0.89,0.23,1.08,1.01,0.58,0.45,0.78,0.94,0.94,0.82,0.83,0.63,0.96,0.9,0.28,0.83,0.8,0.88,0.36,0.65,0.77,0.92,0.75,0.7,0.85,0.86,0.92
1843,0.86,1.09,0.88,0.64,0.77,0.95,0.94,1.28,1.33,0.98,0.85,1.34,0.39,0.86,0.64,1.12,0.75,1.18,1.02,1.63,0.9,0.05,0.28,1.06,0.78,1.1,0.99,0.75,0.78,1.03,1.13,0.81,1.02,0.42,0.73,0.99,0.25,1.14,1.02,0.58,0.54,0.88,0.95,1.01,1.01,0.8,0.65,1,0.94,0.39,0.87,0.85,0.95,0.43,0.71,0.83,0.98,0.78,0.86,0.87,0.88,0.95
1844,0.9,1.14,0.93,0.62,0.87,1.04,0.97,1.26,1.38,1.03,0.87,1.38,0.4,0.88,0.58,1.1,0.8,0.95,1.06,1.64,0.9,0.07,0.28,1.08,0.79,1.13,1.02,0.83,0.81,1.07,1.16,0.83,1.06,0.47,1.01,1.01,0.23,1.37,1.04,0.65,0.5,0.89,0.97,1.09,1.18,0.84,0.62,1.06,0.99,0.4,0.9,0.83,0.95,0.48,0.74,0.89,1.05,0.9,0.84,0.97,1,1.01
1845,0.92,1.08,0.92,0.61,0.89,1.01,0.95,1.12,1.4,1.07,0.88,1.23,0.4,0.9,0.62,1.13,0.79,0.96,1.05,1.68,0.89,0.06,0.29,1.14,0.79,1.08,1.05,0.84,0.78,1.06,1.16,0.77,1.1,0.55,1.02,1.11,0.28,1.52,1.03,0.69,0.53,0.94,0.96,1.11,1.65,0.85,0.65,1.35,1,0.44,0.9,0.91,1.14,0.48,0.75,0.89,1.07,0.96,0.88,0.97,1.02,0.98
1846,0.94,1.02,0.97,0.62,0.97,0.94,0.97,1.06,1.42,1.12,0.74,1.22,0.42,0.78,0.82,1.17,0.78,0.96,1.04,1.68,0.95,0.06,0.33,1.14,0.8,1.1,1.16,0.94,0.78,1.02,1.19,0.78,1.08,0.63,1.04,1.12,0.23,1.59,1.06,0.72,0.55,1.12,0.95,1.14,1.71,0.81,0.63,1.35,1.01,0.83,0.93,0.89,1.2,0.56,0.87,0.9,0.98,1.02,0.78,0.99,0.87,0.93
1847,0.94,1.04,0.93,0.63,1.05,0.97,0.98,1.11,1.42,1.13,0.72,1.22,0.4,0.76,0.87,1.15,0.82,1.01,1,1.7,0.94,0.05,0.37,1.17,0.8,1.1,1.05,0.98,0.78,1.04,1.2,0.8,1.07,0.6,1.29,1.18,0.13,1.51,1.08,0.61,0.53,0.96,0.9,1.17,1.93,0.83,0.49,1.38,0.98,0.78,0.86,0.76,0.85,0.55,0.81,0.93,1.04,1.1,0.81,1.02,0.9,0.9
1848,0.98,1.04,1.1,0.64,1.05,0.97,0.95,1.04,1.47,1.24,0.73,1.18,0.41,0.76,1.22,1.19,0.83,1.08,1.04,1.71,1.07,0.06,0.35,1.18,0.87,1.14,1.1,1.01,0.81,1.04,1.23,0.96,1.16,0.87,1.4,1.18,0.25,1.62,1.09,0.62,0.88,1,0.87,1.24,1.95,0.93,0.51,1.31,0.88,0.82,0.86,0.81,0.84,0.82,0.82,0.94,1.02,1.14,0.77,0.99,0.82,0.86
1849,1.04,1.12,1.13,0.73,1.16,1.03,1.02,1.05,1.45,1.25,0.8,1.15,0.47,0.78,1.27,1.26,0.88,1.09,1.03,1.49,1.2,0.08,0.37,1.2,0.97,1.24,1.13,1.04,0.87,1.09,1.23,0.96,1.31,0.99,1.47,1.2,0.35,1.73,1.16,0.72,1.07,0.93,0.87,1.21,1.98,1.01,0.6,1.42,0.9,1.2,0.92,0.91,0.83,1,0.86,1.02,1.03,1.2,0.85,1.14,0.99,1.03
1850,1.02,1.11,1.06,0.72,1.15,1.03,1.01,1.06,1.4,1.21,0.84,1.2,0.45,0.78,1.38,1.2,0.91,0.77,0.95,1.34,1.19,0.08,0.33,1.21,0.96,1.27,1.02,1.04,0.87,1.25,1.17,1.04,1.32,0.97,1.47,1.19,0.32,1.63,1.16,0.69,1.01,0.87,0.78,1.16,1.93,0.99,0.6,1.53,0.91,1.12,0.91,0.9,0.78,0.99,0.82,1.15,1.22,1.2,0.65,1.12,0.95,1.02
1851,1.06,1.12,1.04,0.77,1.23,1.08,1.07,1.26,1.36,1.23,0.83,1.11,0.48,0.78,1.42,1.21,0.97,0.77,0.96,1.26,1.36,0.08,0.36,1.3,1,1.31,1.01,0.99,0.89,1.32,1.15,0.92,1.29,1.01,1.23,1.2,0.41,1.53,1.19,0.64,1.11,0.89,0.82,1.13,2.23,1.06,0.73,1.61,0.93,1.17,1.01,0.93,0.94,1.06,0.84,1.18,1.31,1.15,0.88,1.17,0.95,1.18
1852,1.05,1.12,1.03,0.78,1.25,1.1,1.12,1.3,1.38,1.21,0.83,1.16,0.49,0.74,1.42,1.24,1.1,0.71,0.9,1.13,1.48,0.09,0.4,1.22,1.02,1.36,1,0.97,0.9,1.42,1.15,0.91,1.28,0.96,1.21,1.12,0.38,1.47,1.21,0.6,1.1,0.81,0.83,1.05,1.99,1.05,0.73,1.44,0.93,1.18,1.03,0.89,0.85,1.07,0.92,1.17,1.49,1.12,0.94,1.14,0.99,1.24
1853,1.04,1.09,1.02,0.83,1.15,1.05,1.05,1.19,1.44,1.24,0.85,1.09,0.5,0.74,1.28,1.19,1.07,0.7,0.86,1.12,1.49,0.1,0.36,1.19,1.02,1.39,0.87,0.84,0.91,1.39,1.16,0.91,1.36,0.98,1.27,1.12,0.45,1.52,1.19,0.61,1.23,0.72,0.88,1.07,2.16,1.15,0.76,1.57,0.91,0.82,1.02,0.93,0.89,1.11,0.93,1.15,1.5,1.02,0.81,1.12,0.85,1.21
1854,1.07,1.1,1.15,0.89,1.1,1.05,1.11,1.19,1.45,1.24,0.86,1.11,0.54,0.84,1.35,1.2,1.07,0.78,0.93,1.19,1.65,0.11,0.32,1.22,1.04,1.43,0.94,0.81,0.92,1.43,1.16,0.93,1.43,1.09,1.06,1.09,0.46,1.53,1.23,0.65,1.27,0.76,0.97,1.03,1.84,1.14,0.85,1.54,1,0.87,1.11,1.04,1.05,1.12,0.99,1.22,1.58,1.07,0.76,1.18,0.78,1.21
1855,1.04,1.08,1.26,0.88,1,1,1.1,1.25,1.45,1.15,0.89,1.18,0.53,0.92,1.15,1.16,1.05,0.95,0.87,1.16,1.55,0.09,0.34,1.22,0.97,1.39,0.9,0.85,0.91,1.46,1.12,0.76,1.25,0.78,0.9,1.09,0.36,1.44,1.18,0.77,0.9,0.83,0.97,1.02,1.91,1.08,0.83,1.55,1.03,0.8,1.1,1.04,1.08,0.85,0.98,1.26,1.59,1.07,0.8,1.22,0.72,1.28
1856,1.01,1.02,1.21,0.94,0.93,0.96,1.09,1.23,1.51,1.2,0.8,1.37,0.54,0.92,1.36,1.21,1.03,0.99,0.89,1.16,1.53,0.08,0.33,1.21,0.99,1.38,0.94,0.92,0.89,1.35,1.11,0.68,1.18,0.83,0.82,1.1,0.34,1.27,1.14,0.57,0.73,0.86,0.99,0.98,1.8,0.95,0.78,1.42,1,0.51,1.1,1.02,0.94,0.72,1.02,1.26,1.58,1.45,0.8,1.14,0.61,1.13
1857,1.06,1.06,1.21,1.02,0.94,1.02,1.12,1.23,1.54,1.24,0.81,1.38,0.57,0.88,1.31,1.26,1.05,1.03,1.1,1.13,1.53,0.1,0.36,1.25,1.04,1.39,1.04,0.98,0.88,1.25,1.09,0.69,1.3,0.92,0.84,1.2,0.39,1.41,1.15,0.68,0.82,0.95,1.11,1.01,1.81,1.14,0.87,1.44,1.18,0.68,1.09,1.21,1.01,0.76,1.13,1.19,1.51,1.49,0.94,1.18,0.64,1.2
1858,1.05,1.02,1.22,1.06,0.81,0.93,1.11,1.07,1.53,1.24,0.8,1.46,0.58,0.9,1.34,1.28,1.04,0.99,1.13,1.2,1.4,0.11,0.42,1.23,1.04,1.36,1.19,0.99,0.88,1.26,1.13,0.68,1.44,0.96,0.93,1.23,0.36,1.52,1.13,0.67,0.81,0.95,1.07,1.02,1.5,1.12,0.8,1.52,1.11,0.7,1.06,1.25,0.9,0.73,1.19,1.14,1.39,1.48,0.77,1.05,0.53,1.03
1859,1.13,1.02,1.23,1.06,0.81,0.94,1.09,1.07,1.53,1.27,0.84,1.45,0.61,0.94,1.29,1.26,1,1.4,1.2,1.22,1.42,0.11,0.37,1.29,1.1,1.4,1.34,1.07,0.92,1.22,1.21,0.72,1.55,1.16,1.13,1.35,0.58,1.55,1.15,0.9,1.14,1.26,1.15,1.1,1.63,1.16,0.96,1.67,1.27,0.92,1.21,1.43,1.32,1.27,1.47,1.15,1.22,1.52,0.75,1.06,0.56,0.97
1860,1.13,1.03,1.17,1.1,0.79,0.94,1.1,1.05,1.49,1.27,0.86,1.48,0.61,0.93,1.25,1.23,1.03,1.36,1.23,1.24,1.34,0.1,0.37,1.25,1.04,1.36,1.57,1.06,0.92,1.43,1.18,0.77,1.46,1.07,1.08,1.33,0.54,1.68,1.16,0.87,1.02,1.28,1.09,1.13,1.59,1.19,0.91,1.53,1.28,0.95,1.21,1.4,1.5,1.66,1.42,1.15,1.25,1.52,0.75,1.03,0.58,0.99
1861,1.14,1.02,1.04,1.04,0.79,0.87,1.07,1.01,1.47,1.27,0.86,1.48,0.62,0.98,1.9,1.28,1.1,1.22,1.18,1.2,1.21,0.11,0.45,1.22,1.07,1.36,1.71,1.11,0.94,1.46,1.2,0.74,1.4,1.01,1.01,1.32,0.69,1.68,1.11,0.82,1.03,1.29,1.05,1.15,1.63,1.15,0.92,1.58,1.23,0.97,1.17,1.44,1.53,1.7,1.41,1.07,1.2,1.56,0.86,1.05,0.53,0.96
1862,1.18,1.02,0.82,1.04,0.81,0.87,1.11,0.93,1.46,1.32,0.84,1.46,0.67,1,2.22,1.31,1.14,1.05,1.3,1.16,1.39,0.15,0.49,1.29,1.13,1.37,1.79,1.13,0.93,1.48,1.26,0.74,1.52,1.13,1.13,1.41,0.77,1.81,1.11,0.77,1.27,1.28,1.09,1.11,1.61,1.14,1.02,1.68,1.27,1.14,1.19,1.57,1.76,1.89,1.53,0.98,1.2,1.53,0.87,1.03,0.57,0.91
1863,1.21,1.04,0.9,0.97,0.85,0.89,1.13,0.9,1.44,1.31,0.97,1.35,0.68,1.14,1.99,1.36,1.18,1,1.39,1.17,1.49,0.15,0.5,1.32,1.11,1.38,1.84,1.09,0.98,1.53,1.34,0.9,1.62,1.11,1.23,1.39,0.73,1.83,1.16,0.75,1.43,1.29,1.08,1.14,1.91,1.23,1.26,1.7,1.36,1.26,1.26,1.58,1.85,1.92,1.67,0.99,1.27,1.11,0.87,1.03,0.56,0.95
1864,1.23,1.05,0.9,0.9,0.86,0.87,1.16,0.92,1.45,1.47,0.98,1.4,0.7,1.25,2.14,1.31,1.17,1.07,1.32,1.31,1.59,0.16,0.48,1.3,1.12,1.36,1.88,1.11,1.01,1.57,1.38,0.84,1.58,1.06,1.36,1.36,0.83,1.84,1.15,0.76,1.46,1.25,1.02,1.15,2.12,1.08,1.28,1.75,1.21,1.22,1.33,1.48,2.06,2.06,1.79,0.95,1.05,1.06,0.89,1.04,0.57,0.97
1865,1.2,1.05,0.95,0.89,0.84,0.84,1.16,0.88,1.44,1.57,1,1.32,0.7,1.37,2.11,1.26,1.12,1.12,1.27,1.27,1.55,0.14,0.41,1.21,1.07,1.35,1.73,1.08,1.02,1.49,1.35,0.82,1.43,1.02,1.33,1.26,0.84,1.72,1.14,0.8,1.47,1.2,0.98,1.07,2.02,1.13,1.41,1.54,1.3,1.26,1.3,1.49,2.05,2.05,1.69,0.94,1.11,1.03,0.83,1.05,0.57,0.96
1866,1.14,1.07,1.01,0.89,0.85,0.85,1.2,0.94,1.41,1.62,0.99,1.27,0.67,1.35,2.15,1.23,1.09,0.76,1.27,1.29,1.42,0.13,0.43,1.19,1.05,1.34,1.61,1.06,1.01,1.43,1.27,0.89,1.31,0.92,1.42,1.12,0.7,1.63,1.11,0.58,1.25,0.95,0.95,0.99,1.72,1.18,1.29,1.39,1.18,1.06,1.17,1.36,1.76,1.63,1.53,0.98,1.09,1.06,0.9,1.27,0.58,0.96
1867,1.18,1.08,1.05,0.83,0.85,0.85,1.24,1.03,1.37,1.61,1.02,1.28,0.71,1.37,2.26,1.31,1.13,0.86,1.25,1.3,1.58,0.12,0.41,1.24,1.09,1.32,1.41,1.12,1.09,1.27,1.37,0.84,1.46,1.01,1.54,1.12,0.75,1.74,1.11,0.81,1.57,1.03,1.06,1.01,1.8,1.19,1.27,1.65,1.17,1.1,1.21,1.48,1.92,1.3,1.5,0.97,1.11,1.07,0.91,1.34,0.57,1
1868,1.18,1.1,1.08,0.86,0.85,0.92,1.22,1.05,1.36,1.87,1.01,1.25,0.7,1.24,1.54,1.24,1.16,1.01,1.3,1.25,1.61,0.11,0.36,1.25,1.05,1.31,1.31,1.24,1.09,1.26,1.38,0.81,1.6,0.95,1.51,1.18,0.62,1.68,1.15,0.89,1.53,1.02,1.11,1,1.76,1.3,1.36,1.73,1.23,1.12,1.24,1.52,1.83,1.18,1.48,0.99,1.09,0.99,0.91,1.31,0.7,1.1
1869,1.16,1.13,1.05,0.88,0.88,0.95,1.17,1.03,1.33,1.87,1.01,1.16,0.67,1.12,1.18,1.22,1.15,1.12,1.2,1.24,1.45,0.08,0.36,1.17,1.03,1.3,1.22,1.18,1.11,1.31,1.54,0.98,1.51,0.93,1.44,1.07,0.61,1.62,1.2,0.84,1.41,1.05,1.12,1.05,1.73,1.45,1.24,1.64,1.19,1.03,1.27,1.47,1.75,1.16,1.56,1.02,1.11,1.01,0.94,1.34,0.71,1.12
1870,1.11,1.11,1.01,0.88,0.82,0.93,1.16,1.06,1.25,1.93,0.96,1.02,0.62,0.97,1.26,1.08,1.04,1.19,1.09,1.23,1.27,0.08,0.34,1.11,0.99,1.25,1.11,1.17,1.06,1.28,1.49,0.86,1.39,0.83,1.39,1.16,0.7,1.54,1.17,0.86,1.28,0.97,1.08,1.05,1.39,1.39,1.04,1.56,1.16,0.9,1.2,1.39,1.59,1.19,1.49,0.99,1.13,1,0.91,1.32,0.68,1.07
1871,1.08,1.1,1.09,0.88,0.76,0.91,1.11,1.02,1.24,1.79,1.03,0.93,0.61,1.03,1.13,1.03,1.06,1.15,1.04,1.14,1.26,0.05,0.35,1.1,0.94,1.21,1.06,1.11,1.04,1.22,1.48,0.85,1.4,0.9,1.3,1.09,0.72,1.61,1.33,0.87,1.28,0.99,1.11,1.02,1.18,1.42,1.03,1.36,1.27,0.9,1.21,1.33,1.36,1.3,1.35,0.95,1.13,1.01,0.78,1.3,0.66,1.02
1872,1.08,1.12,1.05,0.84,0.78,0.91,1.08,1.1,1.24,1.71,1.06,0.9,0.6,1.02,1.19,1.02,1.05,1.2,1.11,1.16,1.24,0.07,0.36,1.12,0.93,1.25,1.07,1.11,1.02,1.21,1.45,0.87,1.41,0.83,1.21,1.11,0.72,1.51,1.32,0.85,1.26,1.04,1.09,1.09,1.15,1.31,0.89,1.38,1.23,0.83,1.24,1.29,1.32,1.3,1.33,0.98,1.1,1.02,0.81,1.31,0.72,1.25
1873,1.09,1.12,1.09,0.83,0.81,0.87,1.1,1.12,1.28,1.66,1.03,0.95,0.64,1.16,1.24,1.07,1.05,1.3,1.11,1.13,1.24,0.08,0.39,1.17,0.95,1.23,1.11,1.13,1.05,1.28,1.58,0.99,1.41,0.74,0.96,1.27,0.67,1.61,1.31,0.98,1.28,1.04,1.12,1.1,1.1,1.25,0.89,1.64,1.25,0.89,1.22,1.33,1.25,1.23,1.23,0.93,1.09,0.98,0.76,1.12,0.71,1.27
1874,1.04,1.1,1.07,0.83,0.84,0.89,1.07,1.14,1.28,1.65,0.96,0.95,0.65,1.11,1.19,0.96,1.01,1.36,1.09,1.08,1.11,0.09,0.46,1.16,0.95,1.2,1.15,1.15,0.95,1.28,1.6,1.07,1.22,0.66,0.82,1.34,0.65,1.3,1.26,0.79,1.01,0.89,1.05,1.01,1.03,1.14,0.92,1.57,1.3,0.84,1.18,1.27,0.95,1.1,1.29,0.92,1.03,0.98,0.73,1.08,0.74,1.15
1875,1.03,1.11,1.11,0.84,0.83,0.88,1.13,1.19,1.27,1.42,0.99,0.98,0.69,1.16,1.19,0.99,1,1.3,1.12,1.09,1.16,0.12,0.45,1.18,0.93,1.19,1.16,0.98,0.97,1.29,1.62,1.06,1.07,0.71,0.76,1.27,0.63,1.27,1.24,0.74,0.9,0.87,1,1.16,1.1,1.14,0.78,1.41,1.27,0.79,1.18,1.13,0.86,1.14,1.27,0.95,1.04,0.96,0.74,1.07,0.68,1.05
1876,1,1.09,1.2,0.82,0.83,0.86,1.13,1.24,1.26,1.43,1.01,1,0.72,1.2,1.13,0.96,0.99,1.23,1.15,1.07,1.16,0.11,0.45,1.25,0.95,1.18,1.15,0.99,0.92,1.24,1.41,0.92,1.03,0.63,0.86,1.32,0.62,1.21,1.16,0.76,0.86,0.8,0.97,1.1,1.1,0.95,0.75,1.35,1.23,0.75,1.13,1.1,0.73,1.03,1.09,0.93,1.01,0.96,0.73,1.11,0.7,1
1877,1.02,1.12,1.18,0.83,0.87,0.92,1.16,1.3,1.29,1.35,1,1.02,0.75,1.41,1.14,0.99,1.04,1.21,1.19,1.05,1.23,0.12,0.45,1.32,0.97,1.18,1.13,1,0.94,1.32,1.47,0.92,1.02,0.59,0.82,1.23,0.57,1.19,1.15,0.79,0.92,0.8,1.02,1.07,1.13,0.93,0.87,1.42,1.21,0.77,1.17,1.1,0.73,1.17,0.97,0.96,1.08,1,0.79,1.15,0.74,1.13
1878,1.01,1.11,1.1,0.87,0.92,0.96,1.17,1.36,1.24,1.26,0.9,0.98,0.83,1.31,1.15,0.97,0.95,1.23,1.16,1.04,1.5,0.13,0.44,1.29,0.96,1.18,1.13,0.97,0.93,1.36,1.46,1,0.94,0.54,0.83,1.21,0.52,1.01,0.98,0.74,0.93,0.74,1.01,1.05,1.08,0.9,0.93,1.47,1.05,0.69,1.1,1.07,0.74,1.05,0.98,0.99,1.08,1.02,1.03,1.24,0.78,1.15
1879,1.05,1.11,1.2,0.92,0.98,1,1.19,1.31,1.25,1.22,0.86,1.01,0.87,1.19,1.12,1.06,1.06,1.29,1.1,0.99,1.47,0.14,0.41,1.27,1,1.16,1.39,1.27,0.93,1.37,1.48,1.02,0.96,0.66,1,1.25,0.61,1.14,0.97,0.78,0.99,0.8,1.06,1.04,1.13,0.92,0.95,1.47,1.04,0.72,1.1,1.2,0.93,1.2,1.1,1.02,1.09,1.05,1.09,1.28,0.92,0.97
1880,1.04,1.13,1.17,0.96,0.96,1.01,1.15,1.24,1.19,1.2,0.9,1.02,0.88,1.11,1.11,0.99,1.07,1.24,1.13,0.97,1.56,0.12,0.48,1.28,0.97,1.15,1.36,1.29,0.92,1.36,1.38,0.87,1.02,0.75,0.99,1.13,0.68,1.06,0.98,0.73,0.98,0.8,1.07,1.01,1.19,0.95,1.01,1.25,1.04,0.75,1.11,1.18,0.87,1.22,1.14,1.03,1.15,1.06,1.16,1.31,0.85,0.94
1881,1.07,1.17,1.2,1.02,1,1.03,1.15,1.21,1.21,1.18,0.89,1.03,0.89,1.11,1.12,1,1.1,1.19,1.17,0.96,1.53,0.17,0.56,1.27,0.97,1.18,1.49,1.23,0.99,1.38,1.29,0.82,1.06,0.82,1.07,1.1,0.81,1.15,1.01,0.76,1.06,0.77,1.12,1.05,1.19,0.94,1.07,1.14,1.02,0.79,1.09,1.19,0.97,1.35,1.13,1.07,1.21,1.1,1.27,1.35,0.86,1.05
1882,1.09,1.13,1.19,1.02,1.03,1.02,1.11,1.18,1.18,1.36,0.93,0.99,0.87,1.07,1.19,0.96,1.03,1.17,1.13,0.96,1.47,0.16,0.57,1.26,1.03,1.19,1.45,1.3,1,1.4,1.36,0.89,1.12,0.81,1.2,1.2,0.87,1.22,1,0.81,1.23,0.8,1.16,0.87,1.13,0.92,1.1,1.32,0.98,0.83,1.07,1.31,1.15,1.36,1.21,1.04,1.21,1.11,1.27,1.33,0.87,1.09
1883,1.1,1.15,1.14,1.04,1.03,1.02,1.12,1.22,1.15,1.31,0.91,0.98,0.88,1.07,1.16,0.96,1.08,1.16,1.14,0.96,1.45,0.18,0.55,1.24,1.05,1.21,1.6,1.32,1.06,1.35,1.45,0.97,1.22,0.87,1.07,1.19,0.83,1.26,1.02,0.71,1.32,0.75,1.17,0.84,1.07,1,1.19,1.42,0.99,0.85,1.1,1.4,1.23,1.33,1.27,1.13,1.21,1.16,1.39,1.28,0.92,1.06
1884,1.1,1.13,1.13,1.05,0.99,1,1.14,1.21,1.08,1.3,0.87,1.01,0.91,0.93,1.13,0.95,1.13,1.15,1.22,0.96,1.43,0.19,0.58,1.23,1.05,1.23,1.74,1.39,1.04,1.33,1.43,1.24,1.25,0.89,1.03,1.25,0.84,1.32,1.03,0.67,1.39,0.82,1.16,0.84,1.02,1.03,1.1,1.46,1.05,0.85,1.1,1.45,1.33,1.12,1.34,1.1,1.1,1.15,1.29,1.23,0.91,1.01
1885,1.1,1.11,1.15,1.02,0.96,0.96,1.13,1.18,1.06,1.36,0.88,0.99,0.86,0.88,1.11,1.01,1.19,1.15,1.24,0.93,1.07,0.23,0.57,1.24,1.1,1.24,1.93,1.43,1.11,1.28,1.42,1.16,1.24,0.9,1.09,1.28,1.07,1.35,1.03,0.67,1.39,0.85,1.16,0.84,1,1.09,1.02,1.51,1.08,0.96,1.11,1.52,1.4,1.01,1.36,1.11,1.09,1.14,1.03,1.2,0.85,0.98
1886,1.08,1.11,1.09,1.12,0.97,0.96,1.14,1.17,1.05,1.38,0.89,1.02,0.84,0.91,1.17,0.94,1.14,1.01,1.32,0.94,1.09,0.32,0.6,1.22,1.08,1.22,1.72,1.16,1.18,1.31,1.45,1.19,1.19,0.77,1.01,1.26,0.97,1.21,1.06,0.63,1.3,0.74,1.12,0.83,0.99,1.1,0.98,1.52,1.09,0.97,1.08,1.4,1.22,0.8,1.25,1.16,1.11,1.15,1.01,1.26,0.95,0.92
1887,1.1,1.09,1.06,1.11,0.93,0.94,1.11,1.18,1.04,1.4,0.84,0.98,0.86,0.95,1.64,0.97,1.11,1.12,1.3,0.95,0.99,0.35,0.47,1.18,1.11,1.22,1.8,1.11,1.21,1.33,1.46,1.3,1.24,0.77,1.12,1.28,1.04,1.26,1.07,0.75,1.52,0.76,1.15,1.04,1.06,1.08,0.93,1.56,1.14,1,1.09,1.43,1.29,1.03,1.28,1.15,1.04,1.14,0.95,1.21,0.9,0.9
1888,1.07,1.05,1.05,1.06,0.88,0.92,1.11,1.14,0.99,1.47,0.84,0.98,0.85,1.01,1.7,0.94,1.04,1.14,1.25,0.93,0.97,0.3,0.32,1.19,1.09,1.21,1.65,1.13,1.22,1.31,1.43,1.26,1.26,0.7,1.08,1.27,0.95,1.14,1.05,0.69,1.48,0.78,1.09,1.03,0.93,1.08,0.91,1.5,1.08,1,1.11,1.42,1.13,0.95,1.26,1.11,0.96,1.07,0.84,1.15,0.87,0.81
1889,1.08,1.09,1.04,1.06,0.88,0.95,1.11,1.17,0.99,1.25,0.77,1.01,0.93,1.03,1.79,0.95,1.07,1.16,1.25,0.92,0.94,0.33,0.34,1.19,1.1,1.2,1.83,1.09,1.23,1.28,1.32,1.27,1.21,0.76,1.12,1.3,1.18,1.12,1.06,0.67,1.49,0.81,1.14,1.06,1.02,1.05,0.97,1.47,1.12,1.03,1.07,1.36,1.15,1.05,1.23,1.15,0.96,1.06,0.86,1.16,0.99,0.82
1890,1.14,1.12,1,1.07,0.93,0.96,1.12,1.16,1.04,1.26,0.8,1.02,0.98,1.02,1.91,0.98,1.07,1.25,1.24,0.92,1.22,0.37,0.31,1.24,1.16,1.25,1.88,1.37,1.26,1.3,1.27,1.25,1.25,0.86,1.22,1.35,1.28,1.16,1.07,0.74,1.54,0.92,1.22,1.12,1.21,1.07,0.91,1.54,1.19,1.22,1.11,1.47,1.43,1.06,1.32,1.25,1.15,1.05,0.71,1.17,1.45,0.86
1891,1.17,1.18,1,1.07,1.1,1.02,1.11,1.16,1.02,1.21,0.78,0.99,0.97,1,1.89,0.94,1.03,1.35,1.18,0.93,1.23,0.46,0.35,1.3,1.15,1.23,2.07,1.44,1.3,1.37,1.24,0.99,1.22,0.9,1.34,1.34,1.29,1.12,1.05,0.74,1.47,0.84,1.21,1.16,1.18,1.07,0.94,1.49,1.17,1.26,1.09,1.46,1.4,1.14,1.29,1.47,1.4,1.11,0.82,1.21,2.09,0.82
1892,1.24,1.17,1.03,1.12,1.1,1.03,1.14,1.13,1.03,1.58,0.86,0.99,0.99,1,1.94,0.93,1.03,1.33,1.17,0.95,1.32,0.42,0.36,1.29,1.19,1.25,2.06,1.49,1.3,1.38,1.3,0.96,1.33,0.97,1.36,1.52,1.19,1.25,1.07,0.81,1.69,1.04,1.25,1.3,1.47,1.07,1.07,1.83,1.23,1.38,1.15,1.61,1.77,1.43,1.7,1.48,1.42,1.11,0.98,1.16,2.14,0.87
1893,1.3,1.19,0.96,1.05,1.08,1.06,1.12,1.11,1.07,1.53,0.85,0.96,1.04,0.98,1.88,0.92,0.98,1.43,1.16,0.93,1.35,0.4,0.37,1.37,1.3,1.28,2.11,1.52,1.29,1.45,1.28,0.95,1.42,1.13,1.42,1.65,1.31,1.41,1.06,0.93,2.02,1.36,1.38,1.27,1.63,1.1,1.13,1.89,1.32,1.65,1.22,1.96,2.3,1.67,1.84,1.52,1.43,1.14,0.96,1.08,2.23,0.9
1894,1.28,1.19,0.95,1.09,1.12,1.1,1.15,1.12,1.06,1.46,0.87,0.96,1,0.94,1.43,0.92,1,1.31,1.2,0.95,1.36,0.4,0.38,1.38,1.29,1.27,2.08,1.54,1.26,1.41,1.29,0.85,1.29,1.14,1.39,1.6,1.26,1.36,1.04,0.78,1.87,1.41,1.37,1.05,1.52,1.04,1.23,1.82,1.3,1.71,1.22,2.03,2.39,1.56,1.84,1.58,1.47,1.12,0.97,1.16,2.29,0.89
1895,1.3,1.2,0.93,1.06,1.1,1.13,1.12,1.08,1.06,1.39,0.92,0.92,1.07,0.88,1.4,0.97,1.11,1.21,1.21,0.97,1.36,0.46,0.4,1.39,1.34,1.24,2.19,1.63,1.27,1.39,1.3,0.88,1.25,1.19,1.46,1.65,1.28,1.4,1.04,0.88,1.89,1.41,1.42,1.01,1.57,1.09,1.17,1.9,1.35,1.72,1.22,2.11,2.52,1.58,1.86,1.63,1.44,1.14,1.03,1.12,2.31,0.88
1896,1.29,1.16,1.05,1.09,1.08,1.09,1.11,1.07,1.05,1.33,0.97,0.92,0.99,0.95,1.29,0.93,1.1,1.17,1.2,0.98,1.32,0.43,0.41,1.36,1.3,1.2,2.05,1.71,1.26,1.37,1.31,0.91,1.36,1.18,1.51,1.56,1.17,1.37,1.04,0.91,1.81,1.37,1.33,1.07,1.53,1.09,1.14,1.84,1.35,1.85,1.2,2.09,2.5,1.72,1.88,1.59,1.41,1.14,0.94,1.12,2.33,0.9
1897,1.25,1.14,1.04,1.09,1.04,1.11,1.16,1.14,0.99,1.26,0.97,0.91,0.99,0.95,1.19,1,1.09,1.04,1.18,0.96,1.02,0.43,0.46,1.27,1.2,1.12,1.88,1.44,1.23,1.34,1.25,0.94,1.29,1.29,1.61,1.5,1.33,1.32,1.04,0.92,1.73,1.36,1.24,0.99,1.48,1.08,1.17,1.7,1.33,1.82,1.15,2.06,2.39,1.82,1.75,1.46,1.31,1.12,1.01,1.08,1.85,0.99
1898,1.22,1.07,1.03,1.11,0.9,1.08,1.19,1.14,1.02,1.3,0.97,0.95,1,1.09,1.15,1.02,1.11,1.02,1.16,0.96,0.99,0.35,0.41,1.19,1.21,1.13,1.67,1.28,1.21,1.26,1.25,0.9,1.29,1.23,1.5,1.48,1.3,1.33,1.05,0.94,1.72,1.38,1.21,0.96,1.55,1.1,1.18,1.77,1.31,1.79,1.14,2.12,2.42,1.91,1.74,1.29,1.04,1.07,1.09,1.05,1.33,1.02
1899,1.14,1.1,1.12,1.08,0.96,1.19,1.2,1.15,0.99,0.87,0.91,0.95,0.95,1.08,1.08,0.95,1.05,0.97,1.16,0.95,0.86,0.34,0.39,1.21,1.14,1.1,1.43,1.32,1.15,1.25,1.14,0.92,1.18,1.1,1.37,1.26,1.18,1.22,1.01,0.9,1.51,1.28,1.17,0.78,1.22,1.07,0.98,1.32,1.26,1.55,1.05,1.91,2.03,1.66,1.35,1.27,1.13,1.06,1.12,1.06,1.47,0.98
1900,1.07,1.07,1.24,1.03,0.94,1.23,1.18,1.19,0.9,0.89,0.92,0.95,0.96,1.11,1.18,0.93,1.14,0.95,1.13,0.97,0.88,0.29,0.39,1.13,1.01,1.04,1.35,1.46,1.09,1.17,1.06,0.89,1.09,0.92,1.24,1.13,1.07,1.06,0.98,0.77,1.23,1.11,1.06,0.75,1.01,1.04,0.88,1.2,1.16,1.3,0.98,1.57,1.52,1.52,1.18,1.15,1.07,1,1.23,1.08,1.16,0.99
1901,1.08,1.11,1.36,1.06,1.02,1.29,1.22,1.22,0.88,0.89,0.95,0.97,0.94,1.24,1.16,0.9,1.09,1.01,1.05,0.98,0.86,0.35,0.41,1.16,0.99,1.03,1.3,1.47,1.1,1.13,1.01,0.84,1.11,0.87,1.2,1.12,1,1.07,0.97,0.77,1.21,1.07,1.03,0.72,1.02,1.1,0.95,1.12,1.13,1.16,0.98,1.43,1.4,1.46,1.01,1.19,1.21,1.06,1.5,1.09,1.65,1.04
1902,1.11,1.13,1.81,1.06,1.14,1.37,1.29,1.28,0.86,0.86,1.01,0.99,0.89,1.34,1.07,0.84,1.01,1.01,1.03,0.97,0.89,0.3,0.39,1.13,0.97,1.07,1.27,1.37,1.09,1.14,1,0.8,1.15,0.89,1.14,1.05,1.08,1.02,1.01,0.74,1.25,1.13,1.01,0.72,1.1,1.04,1,1.06,1.12,1.24,1,1.52,1.53,1.73,1.14,1.29,1.36,1.1,1.53,1.17,1.87,1.11
1903,1.11,1.16,2,1.11,1.15,1.42,1.32,1.3,0.85,0.85,0.98,1.01,0.88,1.31,1.03,0.86,0.98,1.04,1.04,1.05,0.96,0.36,0.39,1.14,1,1.08,1.28,1.34,1.09,1.15,1.03,0.71,1.04,0.88,1.08,1.15,1.02,0.99,1.03,0.84,1.38,1.08,1.02,0.72,1.07,1.1,0.9,1,1.15,1.05,1.01,1.61,1.49,1.49,1.11,1.28,1.44,1.08,1.65,1.17,1.75,1.11
1904,1.09,1.14,2.09,1.13,1.14,1.52,1.26,1.23,0.84,0.88,1.01,1.03,0.8,1.38,1.1,0.75,0.93,1.04,1.02,1.13,1.09,0.35,0.39,1.16,1,1.05,1.32,1.3,1.14,1.2,1.01,0.67,0.94,0.66,0.9,1.12,0.78,0.91,1.02,0.86,1.36,0.99,1.01,0.73,1.16,1.07,0.9,0.97,1.12,0.93,0.99,1.37,1.26,1.51,1.14,1.32,1.44,1.04,1.71,1.19,1.95,1.05
1905,1.09,1.19,2.14,1.2,1.21,1.63,1.24,1.37,0.81,0.85,1.04,0.99,0.83,1.34,1.19,0.73,0.92,0.97,1,1.15,1.09,0.36,0.4,1.12,0.98,1.01,1.24,1.31,1.16,1.16,0.97,0.73,0.94,0.87,0.98,1.09,0.76,0.92,1,0.91,1.43,0.93,1.02,0.71,1.07,1.05,0.84,0.88,1.07,0.94,0.98,1.29,1.16,1.33,1.13,1.28,1.55,1.06,1.75,1.21,2.06,1.11
1906,1.12,1.19,2.1,1.26,1.18,1.59,1.28,1.55,0.82,0.84,1.07,0.99,0.9,1.42,1.19,0.73,0.94,0.98,0.98,1.26,1.1,0.38,0.4,1.05,1.01,0.99,1.42,1.3,1.13,1.16,1.03,0.77,0.96,0.95,0.99,1.18,0.68,0.89,1.02,1.15,1.39,0.86,1,0.71,1.14,1.1,0.93,1.08,1.03,1.08,1,1.28,1.13,1.32,1.29,1.28,1.42,1.05,1.81,1.26,2.09,1.11
1907,1.16,1.19,2.2,1.3,1.2,1.56,1.32,1.51,0.81,0.84,1.16,0.96,0.91,1.47,1.14,0.88,0.93,0.92,1.03,1.24,1.21,0.37,0.55,1.09,1.08,1.01,1.61,1.15,1.16,1.19,1.11,0.79,0.97,0.99,1.04,1.19,0.66,0.9,1.1,1.46,1.42,0.75,1.04,0.78,1.26,1.12,0.98,1.13,1.02,1.19,1.07,1.35,1.15,1.32,1.39,1.33,1.48,1.06,1.72,1.2,2.35,1.19
1908,1.11,1.16,2.09,1.24,1.11,1.51,1.24,1.46,0.78,0.8,1.1,1.01,0.92,1.25,1.16,0.89,0.89,0.85,1.07,1.23,1.18,0.29,0.54,1.05,1.07,0.96,1.6,1.15,1.12,1.24,1.09,0.82,0.93,0.94,1.02,1.37,0.61,0.85,1.1,1.47,1.29,0.65,1.01,0.79,1.24,1.15,0.76,1.16,0.99,1.19,1.06,1.28,1.08,1.2,1.53,1.23,1.39,1.03,1.41,1.1,1.93,1.17
1909,1.09,1.14,1.66,1.24,1.05,1.42,1.2,1.52,0.77,0.78,0.97,1.05,0.96,1.15,1.17,0.94,0.88,0.86,1.09,1.24,1.2,0.28,0.67,1.04,1.07,0.93,1.56,1.12,1.09,1.25,1.11,0.81,0.91,0.84,0.98,1.53,0.45,0.89,1.06,1.71,1.29,0.59,0.99,0.79,1.14,1.18,0.72,1.16,0.98,1.08,1.03,1.15,1.07,0.93,1.51,1.15,1.33,1.01,1.39,1.04,1.89,1.27
1910,1.08,1.15,1.42,1.22,1.1,1.45,1.22,1.49,0.77,0.77,1,1.03,1.03,1.1,1.13,0.9,0.87,0.87,1.11,1.18,1.1,0.22,0.63,1,1.02,0.88,1.5,1.06,1.07,1.2,1.08,0.8,0.87,2.67,0.85,1.41,0.37,0.83,1.02,1.54,1.02,0.58,0.96,0.72,1.15,1.1,0.75,1.1,0.93,1.06,1.01,1.02,0.94,0.89,1.45,1.18,1.25,1.03,1.33,1.02,1.92,1.33
1911,1.05,1.13,1.39,1.21,1.04,1.41,1.2,1.48,0.76,0.73,0.97,1,1.07,1.07,1.04,0.87,0.92,0.91,1.08,1.19,0.96,0.17,0.61,0.98,1.01,0.92,1.36,1.04,0.98,1.15,1.07,0.79,0.88,2.81,0.88,1.39,0.34,0.85,1.02,1.5,1.04,0.57,0.96,0.71,0.94,1.1,0.7,1.17,0.91,1,0.99,0.98,0.88,0.89,1.43,1.1,1.17,1.02,1.22,1.16,1.68,1.29
1912,1.05,1.09,1.42,1.14,1.01,1.37,1.15,1.29,0.72,0.65,0.95,0.98,1.06,0.94,0.89,0.89,0.91,0.99,1.07,1.19,0.96,0.17,0.67,0.98,1,0.92,1.31,1.06,0.99,1.14,1.06,0.91,0.91,2.71,1.07,1.42,0.46,0.89,1.07,1.51,0.88,0.59,1.01,0.71,1.04,1.08,0.71,1.14,0.92,1.05,1.01,0.98,0.96,1.09,1.43,1.16,1.15,1.02,1.19,1.14,1.5,1.19
1913,1.08,1.04,1.28,1.07,1.17,1.27,1.08,1.06,0.7,0.67,0.96,0.98,1.08,0.89,0.89,0.95,0.94,1.14,1.11,1.07,1.02,0.21,0.79,1.01,0.99,0.92,1.2,1.01,1.05,1.18,1.13,0.93,0.94,2.73,1.22,1.34,0.71,1.01,1.12,1.44,1.11,0.74,1.11,0.87,1.25,1.13,0.83,1.21,1.04,1.08,1.09,1.16,1.3,1.26,1.87,1.09,1.15,1.02,0.97,1.05,1.31,1.13
1914,1,1,1.07,1.05,1.13,1.24,1.05,1.04,0.66,0.61,0.82,0.93,1.01,0.85,0.83,0.77,0.87,1.1,0.91,1.05,0.83,0.17,0.61,0.9,0.91,0.85,1.07,0.97,1.01,1.1,1.06,1,0.85,2.72,1.17,1.24,0.69,0.92,1.03,1.07,1.04,0.66,1.04,0.78,1.08,1.06,0.76,1.09,1.01,1.01,0.96,1.08,1.23,1.16,1.74,1.05,1,1.01,0.97,1.13,1.16,1.02
1915,0.99,0.98,1.01,1.02,1.14,1.3,1.06,0.99,0.65,0.59,0.86,0.82,1.09,0.92,0.86,0.73,0.92,1.05,0.83,0.98,0.82,0.22,0.73,0.85,0.89,0.85,1,1.06,1.16,0.96,1.06,1.04,0.84,2.81,1.11,1.04,0.65,0.99,0.97,1.08,0.98,0.62,1.03,0.75,0.97,0.96,0.75,1.1,1.05,1.01,0.9,1.09,1.19,1.12,1.65,1.13,0.93,1.02,1.05,1.16,1.15,1.01
1916,0.94,0.97,1.1,1,1.08,1.35,0.96,0.89,0.65,0.61,0.92,0.78,1.05,0.89,1.02,0.73,0.92,0.96,0.85,0.92,0.75,0.21,0.61,0.78,0.87,0.79,0.92,1.04,1.12,0.86,0.96,1.21,0.75,2.8,1.16,0.83,0.63,0.94,0.99,0.76,0.84,0.58,1.02,0.71,0.91,0.92,0.72,0.98,1.01,1.03,0.87,0.97,0.89,1.01,1.49,1.05,0.87,0.99,0.97,1.31,0.91,0.81
1917,0.92,0.97,1.02,1.01,1.06,1.3,0.91,0.86,0.62,0.65,0.85,0.8,1.06,0.86,1.05,0.79,0.98,0.93,0.84,0.91,0.75,0.18,0.71,0.77,0.85,0.79,0.88,1.07,1.08,0.85,0.89,1.27,0.82,0.9,1.27,0.81,0.81,0.99,0.97,0.92,1.01,0.61,1.02,0.7,0.86,0.97,0.71,0.99,0.96,1.11,0.86,0.97,1.12,1.08,1.49,0.99,0.81,0.96,0.95,1.27,0.88,0.69
1918,0.93,0.98,1.05,0.98,1.14,1.3,0.91,0.87,0.62,0.72,0.82,0.8,1.08,0.75,1.06,0.79,1.01,0.92,0.84,0.84,0.71,0.26,0.68,0.73,0.85,0.73,0.86,1.08,1.08,0.79,0.91,1.48,0.77,0.75,1.3,0.82,0.91,0.96,0.96,0.99,0.89,0.6,1.35,0.85,0.79,0.97,0.66,1,0.93,1.11,0.83,1.02,1.14,1.01,1.43,1.01,0.81,0.99,1.02,1.12,1.15,0.77
1919,0.93,0.95,1.02,0.97,1.13,1.21,0.9,0.85,0.66,0.76,1.1,0.85,1.1,0.81,1.1,0.82,1.16,0.83,0.84,0.82,0.71,0.35,0.62,0.7,0.86,0.71,0.87,1.1,1.05,0.78,0.93,1.31,0.77,0.66,1.07,0.77,0.92,0.85,0.97,1.02,0.92,0.73,1.31,0.89,0.7,1.03,0.71,1.08,0.97,1.52,0.92,1.02,1.03,0.77,1.51,0.94,0.69,0.95,0.95,1.08,1.15,0.79
1920,0.86,0.96,1.13,1.05,0.98,1.27,0.9,0.94,0.64,0.76,1.05,0.88,1.02,0.82,1.06,0.77,1.16,0.74,0.77,0.82,0.64,0.34,0.51,0.66,0.93,0.72,0.84,1.07,1.03,0.74,0.84,1.31,0.74,0.65,0.89,0.76,0.73,0.7,0.92,0.89,0.84,0.57,1.19,0.71,0.43,0.88,0.48,0.8,0.9,1.43,0.84,0.95,0.67,0.8,0.84,0.97,0.7,0.93,0.95,1.11,1.25,0.91
1921,0.93,1.03,1.19,1.09,1.02,1.27,0.92,0.99,0.66,0.75,1.15,0.97,1.06,0.87,1.06,0.81,1.19,0.82,0.84,0.84,0.71,0.39,0.53,0.87,1.02,0.78,0.78,1.1,1.13,0.78,0.91,1.26,0.87,0.78,0.99,0.87,0.82,0.75,0.97,1.17,1.09,0.64,1.22,0.76,0.49,0.94,0.69,0.92,0.92,1.56,0.97,0.98,0.74,0.97,0.91,0.97,0.8,0.94,0.96,1.08,1.12,1.01
1922,0.96,1.07,1.52,1.12,1.12,1.37,0.92,1.06,0.69,0.78,1.28,1.05,1.09,0.97,1.05,0.84,1.21,0.95,0.97,0.89,0.75,0.4,0.45,0.93,1.04,0.82,0.83,1.01,1.05,0.85,0.92,1.23,0.93,0.73,1,0.88,0.82,0.67,1.05,1.2,1.15,0.68,1.21,0.76,0.52,0.97,0.68,0.94,0.94,1.55,1.03,0.98,0.76,1.02,0.85,0.97,0.91,0.92,0.92,1.11,1.36,1.12
1923,0.97,1.04,1.61,1.16,1.16,1.3,0.99,1.03,0.7,0.82,1.25,1.06,1.12,1,0.84,0.81,1.22,1.02,0.88,0.97,0.77,0.51,0.44,0.98,1.06,0.85,0.87,1.31,1.1,0.9,0.95,1.11,0.95,0.76,0.93,0.91,0.83,0.63,1.04,1.25,1.12,0.64,1.26,0.8,0.58,1.01,0.62,0.99,0.92,1.48,1.06,0.98,0.78,1.03,0.84,0.95,0.92,0.9,0.95,0.98,1.39,1.14
1924,0.97,1.02,1.79,1.13,1.23,1.3,0.99,1.02,0.73,0.81,1.25,1.07,1.05,1.01,0.93,0.79,1.16,1.06,0.89,0.92,0.85,0.57,0.34,1,1.05,0.86,0.86,1.26,1.17,0.93,0.99,1.06,0.99,0.77,0.84,0.89,0.69,0.62,1.06,1.13,1,0.6,1.23,0.81,0.57,0.98,0.57,0.99,1,1.42,1.06,0.98,0.54,0.95,0.89,0.96,1.02,0.88,0.91,1.04,1.4,1.14
1925,0.97,1.02,2,1.19,1.18,1.24,0.98,0.99,0.72,0.72,1.34,1.08,1.14,1.19,0.94,0.85,1.12,1.01,0.93,0.93,1.15,0.59,0.38,0.99,1.03,0.88,0.9,1.26,1.2,0.94,0.96,0.99,1.01,0.81,0.78,0.87,0.75,0.67,1.06,1.09,1.01,0.63,0.93,0.66,0.58,0.99,0.61,0.9,1.02,1.43,1.12,0.94,0.52,0.85,0.94,0.93,1.03,0.85,0.82,1,1.2,1.04
1926,0.93,1,2.04,1.17,1.13,1.25,0.99,1,0.7,0.68,1.11,1.04,1.15,1.17,0.92,0.82,0.94,0.98,0.89,0.92,1.12,0.55,0.4,1.01,1.1,0.95,1.07,1.26,1.23,0.99,0.93,1.09,0.97,0.77,0.74,1.05,0.57,0.63,1.04,1,0.96,0.46,0.88,0.62,0.54,0.95,0.52,0.81,1.01,0.94,1.03,0.93,0.51,0.84,0.77,0.91,1.06,0.86,0.66,1,1.19,1.01
1927,0.92,1.01,1.99,1.11,1.11,1.27,1,0.92,0.71,0.65,1.11,1.05,1.2,1.36,0.9,0.85,0.98,0.91,0.91,1.06,1.11,0.53,0.42,1.02,1.04,0.94,1.09,1.24,1.22,1.03,0.91,1.17,1,0.64,0.75,1.04,0.53,0.61,1.03,0.98,0.87,0.41,0.92,0.6,0.6,0.95,0.62,0.86,0.97,0.92,1.02,0.81,0.43,0.59,0.78,0.88,1.01,0.85,0.66,0.95,1.15,0.96
1928,0.92,0.95,1.94,1.12,1.09,1.27,0.95,0.96,0.71,0.65,1.05,1.02,1.27,1.29,1.03,0.84,1.03,0.86,0.9,1.13,1.11,0.59,0.41,0.84,1.01,0.91,1.14,1.21,1.16,0.98,0.92,1.21,0.95,0.59,0.7,1.11,0.45,0.66,1.02,0.78,0.7,0.4,0.92,0.59,0.59,0.97,0.45,0.79,0.98,0.83,0.94,0.8,0.43,0.49,0.81,0.85,0.95,0.81,0.84,0.9,1.16,1.83
1929,0.92,0.9,1.64,1.1,1.07,1.17,0.97,0.95,0.68,0.63,0.91,0.97,1.22,1.35,0.93,0.99,0.97,0.75,0.89,1.13,1.11,0.63,0.39,0.82,1.03,0.92,1.18,1.23,1.13,1.04,1,1.29,0.95,0.54,0.67,1.18,0.53,0.69,0.99,0.93,1.06,0.38,0.99,0.67,0.65,1,0.45,0.87,0.92,0.94,0.95,0.9,0.42,0.4,0.82,0.81,0.86,0.82,1.05,0.83,0.84,1.81
1930,0.98,0.9,1.61,1.15,1.06,1.19,1.01,1.04,0.68,0.55,0.92,0.97,1.27,1.51,0.95,0.98,1.04,0.75,0.96,1.09,1.16,0.8,0.4,0.81,1.11,0.94,1.19,0.99,1.13,1,1.15,1.36,1.01,0.61,0.8,1.26,0.52,0.81,0.99,1.59,1.33,0.64,1.01,0.74,0.89,1.04,0.54,1.05,0.98,1.26,0.98,0.99,0.45,0.5,0.9,0.82,0.82,0.82,1.14,0.82,0.85,1.91
1931,0.99,0.87,1.52,1.22,1.01,1.25,1.02,1.04,0.64,0.56,0.94,0.91,1.32,1.53,0.81,1.09,1.07,0.69,0.89,1.11,1.12,0.79,0.43,0.8,1.14,0.97,1.24,1.12,1.1,0.95,1.19,1.49,0.91,0.69,0.84,1.36,0.45,0.85,1,1.57,1.36,0.7,1.04,0.71,1.02,1.01,0.65,1.06,0.9,1.29,1.01,0.97,0.46,0.48,0.86,0.8,0.75,0.81,1.22,0.81,0.84,2.06
1932,0.99,0.85,1.19,1.17,1,1.21,1.08,1.04,0.65,0.56,0.92,1,1.23,1.41,0.76,1.06,1.03,0.75,0.9,1.14,1,1.31,0.48,0.82,1.22,0.99,1.33,1.11,1.08,0.97,1.25,1.7,0.99,0.67,0.85,1.45,0.28,0.8,0.99,1.49,1.33,0.71,1.02,0.66,1.03,1.03,0.66,1.07,0.87,1.3,1.02,0.98,0.44,0.51,0.84,0.76,0.7,0.8,1.31,0.83,0.74,2.14
1933,1.01,0.85,1.19,1.18,1.03,1.18,1.08,1.01,0.63,0.59,0.83,1.03,1.21,1.43,0.72,1.13,1.16,0.79,1,1.14,1.03,1.27,0.56,0.83,1.19,0.95,1.16,1.08,1.06,0.93,1.23,1.63,1.06,0.79,1.02,1.3,0.34,0.84,0.95,1.77,1.45,0.72,1.05,0.64,1.16,0.99,0.7,1.14,0.81,1.31,1.07,0.96,0.48,0.58,0.87,0.81,0.71,0.8,1.46,0.82,0.69,2.17
1934,1,0.87,1.18,1.22,1.09,1.2,1.08,1.02,0.61,0.57,1,1.02,1.23,1.2,0.74,1.11,1.15,0.88,1.1,1.05,1.05,1.33,0.63,0.87,1.16,0.94,1.11,1.04,1.05,0.87,1.18,1.53,0.97,0.8,1.07,1.32,0.3,1.06,0.93,1.73,1.31,0.74,0.98,0.61,1.05,1,0.61,1.13,0.78,1.22,1.01,0.93,0.45,0.53,0.83,0.83,0.75,0.81,1.46,0.87,0.62,2.13
1935,0.96,0.88,1.27,1.17,1.09,1.14,1.07,0.9,0.6,0.57,1.02,1,1.19,1.23,0.62,1.12,1.09,0.95,1.16,0.97,1,1.35,0.65,0.86,1.15,0.94,1.03,1.02,1.02,0.84,1.09,1.49,0.95,0.7,1.05,1.21,0.32,0.96,0.89,1.76,1.29,0.72,0.96,0.6,0.99,0.97,0.61,1.13,0.72,1.27,0.99,0.86,0.42,0.55,0.71,0.83,0.74,0.85,1.27,0.86,0.68,1.14
1936,0.93,0.86,1.22,1.15,1.03,1.18,1.07,0.94,0.58,0.57,1.01,1.04,1.2,1.04,0.61,1.14,1.07,1.02,1.03,1.01,0.95,1.36,0.84,0.82,1.13,0.93,0.96,0.99,1.03,0.76,0.97,1.42,0.88,0.74,1.11,1.11,0.36,0.92,0.86,1.6,0.94,0.73,0.93,0.52,0.9,0.94,0.62,0.97,0.69,1.18,1.03,0.76,0.4,0.57,0.71,0.78,0.73,0.84,1.22,0.84,0.74,1.06
1937,0.85,0.84,1.04,1.1,1.08,1.17,1,0.87,0.54,0.55,0.97,1.01,1.17,0.84,0.58,1.15,1.01,0.99,0.99,0.97,0.89,1.27,0.93,0.79,1.05,0.89,0.92,0.94,1,0.73,0.8,1.42,0.82,0.65,1.04,1.02,0.41,0.85,0.84,0.94,0.72,0.49,0.81,0.38,0.61,0.86,0.57,0.76,0.65,0.91,0.97,0.69,0.31,0.57,0.63,0.74,0.72,0.82,1.18,0.84,0.73,1.02
1938,0.92,0.83,0.99,1.01,1.08,1.12,1.03,0.86,0.57,0.48,0.91,0.98,1.16,0.87,0.58,0.97,1.23,0.95,0.96,0.94,0.82,1.33,0.99,0.75,1.03,0.89,0.96,0.81,1.02,0.7,0.73,1.47,0.91,0.69,1.33,0.94,1.29,0.81,0.82,0.9,1.25,0.44,0.8,0.41,0.49,0.93,0.48,0.85,0.66,0.95,0.98,0.95,1.33,1.51,0.93,0.82,0.73,0.9,1.23,0.89,0.74,0.95
1939,1.08,0.79,1.02,1.11,1.08,1.12,0.97,0.82,0.56,0.48,0.84,0.89,1.26,0.94,1.56,1.05,1.22,0.92,0.88,0.83,0.73,1.04,1.06,0.8,1.07,0.89,1.07,0.8,1.04,0.63,0.68,1.33,0.89,1.37,1.69,0.89,7.6,1.04,0.82,1.15,1.45,0.46,0.81,0.47,0.68,0.94,0.56,0.89,0.69,1.14,1.09,1.02,1.48,1.76,0.94,0.83,0.72,0.95,1.17,0.96,0.81,0.84
1940,1.19,0.8,0.95,1.14,1.15,1.13,1.01,0.84,0.54,0.42,0.86,0.83,1.33,0.89,1.61,0.98,1.08,0.99,0.8,0.81,0.75,1.22,1.07,0.76,1.05,0.91,1.19,0.78,1.02,0.58,0.81,1.37,0.96,1.47,2.02,0.87,8.76,1.05,0.86,1.16,2.26,0.45,0.81,0.61,0.8,0.95,0.62,0.89,0.73,1.26,1.14,1.5,3.09,2.79,1.23,0.84,0.73,0.97,1.11,1.03,0.87,0.83
1941,1.21,0.78,1.09,1.16,1.17,1.07,1.03,0.95,0.54,0.43,0.67,0.84,1.34,0.84,1.55,1.05,1.06,1.07,0.71,0.7,0.74,1.31,1.14,0.7,1.13,0.94,1.26,0.81,1.02,0.54,1.03,1.69,0.99,1.6,2.26,0.84,8.76,0.83,0.84,1.18,2.28,0.39,0.86,0.61,0.86,1,0.64,0.8,0.86,1.29,1.2,1.51,3.08,3.04,1.3,0.88,0.72,0.97,1.24,1.01,1.02,0.85
1942,1.26,0.78,1,1.19,1.22,1.13,1.07,0.97,0.52,0.44,0.61,0.82,1.4,0.78,1.64,1.15,1.13,0.94,0.63,0.66,0.73,1.68,1.2,0.71,1.27,0.96,1.28,0.83,1.04,0.58,1.12,1.75,1,1.91,2.43,0.85,8.94,0.92,0.85,1.34,2.32,0.5,0.85,0.59,1.06,1.01,0.62,0.77,0.88,1.19,1.33,1.55,3.18,3.09,1.4,0.88,0.72,0.94,1.3,1.06,1.14,0.86
1943,1.26,0.81,1.07,1.31,1.17,1.06,1.08,0.92,0.52,0.44,0.57,0.81,1.46,0.78,1.63,1,1.14,0.9,0.64,0.59,0.79,1.71,1.09,0.7,1.37,0.96,1.35,0.77,1.1,0.6,1.11,1.78,0.98,1.91,2.43,0.9,8.84,0.92,0.85,1.24,2.42,0.53,0.81,0.56,1.06,0.97,0.61,0.82,0.95,1.23,1.29,1.58,3.23,3.19,1.44,0.87,0.73,0.91,1.16,1.18,1.16,1.01
1944,1.3,0.91,1.08,1.34,1.2,1.11,1.18,0.96,0.54,0.45,0.58,0.9,1.56,0.81,1.76,1.01,1.19,1.03,0.65,0.6,0.88,1.65,1.19,0.72,1.4,0.98,1.36,0.77,1.12,0.64,1.18,1.74,0.95,1.95,2.37,0.92,8.78,0.88,0.83,1.3,2.4,0.58,0.82,0.61,1.06,1,0.6,0.91,0.97,1.37,1.32,1.58,3.26,3.17,1.47,0.98,0.96,1.01,1.29,1.25,1.26,0.99
1945,1.25,1,1.07,1.39,1.28,1.15,1.19,1.02,0.53,0.53,0.67,0.94,1.62,0.89,1.84,1.08,1.03,1.08,0.68,0.62,0.94,1.67,1.19,0.75,1.49,1,1.28,0.76,1.22,0.69,1.16,1.69,0.85,1.94,2.09,0.96,7.99,0.87,0.83,1.29,1.87,0.56,0.82,0.51,0.98,0.94,0.59,0.76,0.96,1.3,1.28,1.31,2.23,2.18,1.17,0.99,1.13,0.97,1.34,1.34,1.43,1.06
1946,1.13,1.07,1.04,1.37,1.28,1.22,1.24,1.12,0.54,0.54,0.69,0.97,1.61,0.85,0.93,0.98,1.07,1.13,0.78,0.69,0.92,1.52,1.17,0.75,1.5,0.99,1.16,0.82,1.24,0.72,1.19,1.54,0.86,1.36,1.91,1,1.83,0.75,0.83,1.38,1.84,0.67,0.84,0.5,1.01,0.95,0.56,0.74,0.99,1.28,1.17,1.43,2.29,2.07,1.25,1.12,1.22,0.96,1.49,1.35,1.63,1.18
1947,1.04,1.1,1.01,1.41,1.24,1.23,1.19,1.17,0.54,0.57,0.74,1.06,1.62,0.89,0.87,1.21,1.19,1.1,0.79,0.75,0.9,1.47,1.15,0.94,1.57,1,1.06,0.85,1.27,0.75,1.06,1.57,0.71,1.25,1.49,1.03,0.71,0.72,0.81,1.11,0.94,0.68,0.84,0.34,0.79,0.93,0.55,0.7,1.02,1.24,1.05,1.15,0.79,1.17,0.97,1.04,1.47,0.95,1.48,1.37,1.71,1.22
1948,1.05,1.13,0.9,1.43,1.2,1.31,1.18,1.13,0.54,0.54,0.77,1.05,1.64,0.97,0.92,1.12,1.17,1.11,0.79,0.8,0.87,1.41,1.03,0.93,1.55,1.03,1.01,0.86,1.3,0.75,0.93,1.49,0.7,1.25,1.32,1.04,0.88,0.77,0.82,1.14,1.08,0.73,0.84,0.34,0.9,0.87,0.61,0.78,0.92,1.41,1.1,1.23,0.98,1.13,1.04,1.04,1.55,0.95,1.52,1.37,1.81,1.23
1949,1.03,1.12,0.95,1.43,1.16,1.28,1.2,1.17,0.56,0.57,0.84,1.1,1.81,1.06,0.93,1.04,1.15,1.39,0.81,0.87,0.96,1.02,1.24,0.94,1.44,1.02,0.98,0.87,1.3,0.71,0.82,1.38,0.62,0.99,1.12,1.02,0.71,0.72,0.82,0.91,1.2,0.6,0.97,0.36,0.86,0.82,0.64,0.76,0.9,1.35,0.96,1.16,0.85,1.2,0.94,1.04,1.56,0.98,1.44,1.32,1.71,1.23
1950,1.04,1.12,0.95,1.44,1.15,1.27,1.16,1.13,0.56,0.55,0.89,1.06,1.75,1.12,0.95,0.98,1.15,1.37,0.8,0.91,0.95,0.99,1.32,0.93,1.37,1.02,0.94,0.95,1.23,0.69,0.85,1.42,0.71,1.22,1.15,0.96,0.86,0.73,0.83,0.94,1.24,0.63,0.95,0.4,0.91,0.88,0.63,0.74,0.91,1.3,0.92,1.19,0.9,1.31,0.93,1.06,1.55,0.98,1.47,1.23,1.79,1.11
1951,1.03,1.04,0.91,1.46,1.08,1.19,1.08,1.07,0.54,0.59,0.92,0.95,1.68,1.15,0.86,0.95,1.08,1.3,0.77,0.89,0.89,1.04,1.35,0.91,1.39,1.04,0.96,0.97,1.27,0.67,0.82,1.43,0.85,1.32,1.16,0.97,0.92,0.79,0.84,0.9,1.32,0.65,1,0.4,0.93,0.94,0.62,0.71,0.95,1.18,0.92,1.22,0.97,1.37,0.94,1,1.36,0.9,1.38,1.15,1.66,1.13
1952,1.01,0.95,0.85,1.47,0.99,1.1,1.01,1.03,0.5,0.51,0.91,0.94,1.69,1,0.8,0.98,1.08,1.44,0.76,0.9,0.83,1.25,1.54,0.9,1.33,1,0.93,1.04,1.18,0.67,1.17,1.37,0.83,1.61,1.09,0.91,0.82,0.77,0.84,0.95,1.25,0.64,0.99,0.41,0.89,0.99,0.61,0.7,0.97,1.15,0.91,1.17,0.96,1.39,0.94,0.94,1.17,0.97,1.32,0.95,1.43,0.97
1953,0.96,0.93,0.87,1.45,1.09,1.07,0.96,0.97,0.48,0.5,0.91,0.89,1.67,0.97,0.75,1.03,1.12,1.35,0.73,0.85,0.86,1.25,1.74,0.87,1.22,0.98,0.84,0.95,1.15,0.71,1.14,1.37,0.75,1.52,0.86,0.85,0.66,0.64,0.85,0.7,1.1,0.47,0.97,0.39,0.7,1,0.58,0.74,0.93,1.01,0.9,0.93,0.75,1.27,0.9,0.92,1.15,0.99,1.25,0.89,1.45,0.93
1954,0.93,0.91,0.91,1.44,1.11,1.08,0.96,0.89,0.47,0.48,0.92,0.81,1.6,1.17,0.73,0.77,1.03,1.82,0.73,0.8,0.82,1.21,1.93,0.69,1.11,0.94,0.78,0.91,1.15,0.71,1.13,1.34,0.73,1.43,0.8,0.76,0.62,0.64,0.86,0.68,1.1,0.47,0.94,0.42,0.68,1.02,0.49,0.73,0.94,0.94,0.89,0.67,0.59,1.23,0.85,0.9,0.85,0.96,1.29,0.8,1.33,0.89
1955,0.92,0.87,0.9,1.41,1.07,0.96,0.99,0.84,0.49,0.48,0.98,0.79,1.62,1.17,0.85,0.88,1.05,1.72,0.81,0.78,0.97,1.41,2.34,0.68,1.08,0.9,0.75,0.9,1.24,0.72,1.04,1.39,0.73,1.49,0.78,0.77,0.73,0.67,0.84,0.69,0.94,0.43,0.96,0.5,0.57,1.02,0.41,0.65,0.97,0.74,0.81,0.56,0.42,1.13,0.74,0.88,0.77,0.94,1.21,0.77,1.18,0.89
1956,0.93,0.88,0.84,1.44,1.1,0.92,0.99,0.78,0.46,0.43,1,0.75,1.46,1.05,0.77,0.85,1.13,1.5,0.77,0.76,0.92,1.57,2.4,0.68,1.08,0.91,0.73,0.97,1.24,0.74,1.08,1.49,0.87,1.53,0.82,0.73,0.76,0.76,0.88,0.88,0.74,0.49,0.84,0.5,0.49,1.05,0.44,0.69,1,0.81,0.86,0.62,0.42,0.95,0.83,0.96,0.81,0.96,1.4,0.82,1.13,0.99
1957,0.92,0.87,0.74,1.38,1.13,0.91,0.98,0.79,0.47,0.46,1.17,0.74,1.54,1.05,0.8,0.86,1.19,1.48,0.86,0.73,0.91,1.73,2.55,0.68,1.06,0.87,0.67,0.89,1.39,0.78,1.03,1.57,0.84,1.54,0.73,0.72,0.61,0.71,0.87,0.94,0.6,0.41,0.9,0.51,0.46,1.03,0.44,0.63,0.96,0.79,0.93,0.55,0.31,0.9,0.79,0.94,0.82,0.96,1.37,0.87,1.04,0.92
1958,0.92,0.87,0.8,1.33,1.15,0.93,0.97,0.77,0.47,0.43,1.2,0.76,1.55,1.04,0.8,0.95,1.46,1.59,0.87,0.75,1.08,2.03,2.66,0.67,1.03,0.83,0.62,0.88,1.34,0.78,1,1.64,0.77,1.43,0.71,0.68,0.55,0.64,0.92,0.95,0.47,0.33,0.86,0.5,0.43,0.95,0.48,0.56,0.94,0.72,0.91,0.47,0.21,0.82,0.75,0.97,0.86,1,1.26,0.87,1.09,0.87
1959,0.94,0.88,0.92,1.3,1.2,1,0.97,0.73,0.47,0.47,1.25,0.74,1.53,1.2,0.87,0.92,1.47,1.47,0.96,0.78,1.18,2.09,2.69,0.69,1.01,0.81,0.63,0.78,1.32,0.76,0.66,1.92,0.78,1.19,0.71,0.67,0.56,0.62,0.94,1.02,0.59,0.37,0.89,0.52,0.45,0.9,0.56,0.58,0.99,0.86,0.92,0.55,0.22,0.81,0.79,0.97,0.89,0.91,1.16,0.9,1.16,0.9
1960,1,0.85,0.92,1.31,1.11,0.97,0.99,0.69,0.48,0.48,1.36,0.74,1.52,1.2,0.87,0.89,1.54,1.5,0.95,0.8,1.14,2.1,2.92,0.67,1.04,0.82,0.62,0.83,1.32,0.73,0.72,2.02,0.86,1.41,1.12,0.71,1.42,0.71,0.92,1.41,0.72,0.52,0.91,0.71,0.66,0.88,0.59,0.65,1.08,1.32,0.93,0.73,0.42,0.99,0.84,0.92,0.83,0.88,1.08,0.9,0.89,0.84
1961,1.01,0.83,0.93,1.23,1.06,0.89,0.97,0.69,0.49,0.5,1.46,0.75,1.59,1.02,0.92,0.9,1.68,0.97,0.97,0.8,1.11,2.31,2.95,0.69,1.08,0.82,0.69,0.83,1.29,0.73,0.71,2.01,0.87,1.57,1.13,0.72,1.48,0.72,0.89,1.68,0.84,0.52,0.96,0.68,0.78,0.93,0.63,0.61,1,1.34,0.93,0.77,0.41,1.07,0.86,0.91,0.79,0.89,1.2,1.01,0.87,0.83
1962,1,0.82,0.87,1.2,1.06,0.91,0.89,0.67,0.48,0.52,1.6,0.74,1.57,0.95,0.81,0.8,1.85,0.88,0.92,0.82,1.02,2.25,2.83,0.72,1.08,0.81,0.73,0.86,1.19,0.74,0.74,1.78,0.87,1.42,1.01,0.75,1.31,0.67,0.92,1.76,0.94,0.54,0.94,0.63,0.81,0.92,0.7,0.67,1,1.55,0.95,0.84,0.45,1.02,0.91,0.92,0.81,0.91,1.16,1.03,0.85,0.79
1963,1,0.82,0.88,1.12,1.04,1.06,0.86,0.69,0.5,0.55,1.62,0.72,1.71,1.06,0.79,0.84,1.76,0.89,0.92,0.81,0.95,2.26,3.12,0.74,1.08,0.79,0.7,0.73,1.15,0.73,0.7,1.77,0.79,1.37,0.99,0.74,1.31,0.59,0.88,1.69,0.98,0.57,0.93,0.62,0.76,0.91,0.66,0.65,0.96,1.52,0.93,0.82,0.57,1.12,0.86,0.85,0.82,0.91,1.06,0.98,0.84,0.7
1964,1.02,0.89,0.92,1.1,1.04,1.08,0.87,0.73,0.5,0.56,1.47,0.78,1.71,1.07,0.85,0.88,1.8,0.92,0.85,0.83,0.99,2.15,3.13,0.78,1.09,0.82,0.8,0.79,0.98,0.7,0.78,1.71,0.77,1.19,1.05,0.77,1.42,0.6,0.88,1.68,1.18,0.6,0.9,0.62,0.81,0.9,0.7,0.76,0.98,1.6,0.89,0.84,0.58,1.02,0.9,1.08,0.84,1.1,1.17,0.95,0.95,0.72
1965,1.05,0.91,0.92,1.08,0.98,1.03,0.85,0.75,0.52,0.57,1.44,0.8,1.82,1.05,0.94,0.82,1.55,0.81,0.87,0.82,0.87,2.16,3.13,0.83,1.16,0.84,0.87,0.79,0.99,0.74,0.77,1.62,0.79,1.32,1.25,0.79,1.75,0.63,0.86,1.78,1.31,0.93,0.93,0.65,0.86,0.91,0.79,0.85,1.02,1.8,0.92,0.9,0.73,1.2,0.94,1.04,0.77,1.08,1.27,1.05,0.91,0.73
1966,1.08,0.92,0.81,1.05,0.91,0.97,0.87,0.76,0.56,0.56,1.57,0.79,1.86,0.92,0.94,0.83,1.49,0.83,0.84,0.78,0.81,2.04,3.12,0.84,1.17,0.84,0.9,0.83,0.98,0.76,0.78,1.32,0.87,1.35,1.4,0.84,2.33,0.68,0.91,2.01,1.37,1.03,0.9,0.67,0.99,0.95,0.84,1.18,1.01,1.77,0.92,0.95,0.99,1.38,0.95,1.05,0.79,1.09,1.37,1.05,0.91,0.71
1967,1.02,0.92,0.82,1.01,0.9,0.93,0.82,0.79,0.58,0.58,1.53,0.8,1.87,0.9,0.92,0.88,1.37,0.77,0.81,0.76,0.82,2.33,2.91,0.86,1.16,0.83,0.89,0.83,0.98,0.74,0.78,1.31,0.83,1.18,1,0.81,1.53,0.62,0.95,1.78,1.28,0.99,0.85,0.56,0.77,0.91,0.82,1.02,0.94,1.37,0.93,0.78,0.83,1.27,0.86,0.99,0.74,1.09,1.47,0.99,0.89,0.71
1968,1.09,0.92,0.83,1.05,0.91,0.95,0.87,0.81,0.57,0.59,1.45,0.81,1.97,0.82,0.95,0.88,1.23,0.78,0.78,0.78,0.84,2.24,3.02,0.86,1.19,0.83,0.9,0.82,1,0.77,0.8,1.38,0.83,1.1,1.2,0.98,1.89,0.67,1.01,1.83,1.4,1.35,0.94,0.63,0.96,0.91,1.08,1.19,1.01,1.69,1.01,1,1.27,1.49,1.25,1.16,0.8,1.16,1.38,0.9,0.9,0.72
1969,1.08,0.94,0.85,1.05,0.91,0.94,0.91,0.88,0.58,0.59,1.3,0.85,1.99,0.82,0.96,0.9,1.06,0.81,0.78,0.76,0.86,2.46,3.08,0.85,1.19,0.82,0.87,0.79,1.06,0.77,0.81,1.34,0.81,1.14,1.23,0.91,1.82,0.65,0.99,1.7,1.35,1.37,0.91,0.62,0.97,0.9,1.2,1.15,1,1.51,0.99,0.95,1.26,1.52,1.18,1.15,0.76,1.17,1.42,0.9,0.93,0.77
1970,1.14,0.96,0.85,1.08,0.96,0.84,0.94,1.02,0.58,0.57,1.28,0.86,1.93,0.78,1.1,0.9,1.12,0.95,0.81,0.74,0.96,2.52,2.87,0.87,1.22,0.82,1.01,0.81,1.09,0.81,0.82,1.34,0.82,1.3,1.41,0.97,2.04,0.67,1.04,1.87,1.5,1.55,0.92,0.64,1.12,0.96,1.51,1.17,1.04,1.69,1.01,1.07,1.38,1.67,1.3,1.24,0.75,1.19,1.53,0.99,1.01,0.85
1971,1.2,0.91,0.9,1.11,1.01,0.8,0.95,1.02,0.61,0.57,1.34,0.87,1.98,0.77,1.21,0.91,1.33,1.03,0.88,0.7,0.97,2.88,2.98,0.9,1.24,0.82,1.01,0.84,1.14,0.81,0.8,1.39,0.86,1.65,1.53,1.12,2.11,0.72,1.04,2.09,1.62,1.68,0.93,0.63,1.18,1.03,1.65,1.08,1.03,1.99,1.03,1.21,1.7,1.85,1.38,1.14,0.77,1.01,1.52,0.99,0.97,0.87
1972,1.19,0.92,0.9,1.16,1.13,0.85,0.99,1.03,0.63,0.63,1.39,0.87,2.05,0.74,1.11,0.91,1.37,1.09,0.85,0.7,1,2.92,3.08,0.86,1.14,0.79,0.98,0.85,1.18,0.79,0.8,1.37,0.81,1.53,1.35,1.12,1.89,0.73,1.05,2.08,1.57,1.46,0.94,0.62,1.24,1.06,1.65,1.03,0.96,1.87,1,1.19,1.71,1.69,1.4,1.22,0.81,1.05,1.57,0.96,1.12,0.9
1973,1.2,0.93,1.06,1.26,1.14,0.86,1.03,1.03,0.59,0.66,1.26,0.88,2.1,0.73,1.15,0.9,1.4,1.1,0.82,0.72,1.02,3.06,3.24,0.86,1.18,0.8,1.01,0.84,1.19,0.77,0.77,1.31,0.81,1.55,1.31,1.11,1.74,0.69,1.05,1.86,1.52,1.46,1.01,0.68,1.2,1.02,1.73,0.76,0.94,1.98,1.09,1.18,1.75,1.97,1.4,1.27,0.78,1.07,1.46,0.99,1.08,0.91
1974,1.27,0.96,1.02,1.36,1.16,0.89,1.06,1.05,0.59,0.63,1.22,0.9,2.15,0.73,1.23,0.86,1.44,1.16,0.84,0.74,1.05,2.96,3.4,0.89,1.29,0.83,1.13,0.82,1.2,0.8,0.89,1.32,0.86,1.65,1.62,1.16,2.29,0.81,1.03,2.12,1.88,1.43,1.09,0.78,1.29,1.03,1.95,0.77,0.99,2.02,1.07,1.25,1.88,1.98,1.41,1.34,0.88,1.34,1.62,1.05,1.19,0.92
1975,1.26,1,0.96,1.4,1.2,0.91,1.04,1.04,0.58,0.6,1.22,0.91,2.14,0.77,1.23,0.91,1.48,1.69,0.86,0.71,1.07,3.05,3.31,0.92,1.27,0.83,1.1,0.84,1.21,0.75,0.93,1.34,1.06,1.73,1.78,1,2.3,0.75,0.99,1.89,1.74,2.35,0.98,0.72,1.02,0.99,1.87,0.64,0.94,1.97,1.01,1.01,1.48,1.69,1.05,1.27,0.93,1.31,1.76,1.05,1.25,0.96
1976,1.28,0.99,0.88,1.52,1.19,0.88,1.02,0.99,0.57,0.59,1.37,0.86,2.27,0.8,1.3,0.98,1.47,1.72,0.86,0.71,1.03,3.09,3.15,0.93,1.33,0.85,1.2,0.82,1.14,0.75,0.92,1.41,1.05,1.7,1.82,1,2.41,0.75,1.01,2.03,1.81,2.43,1,0.75,1.05,1.01,1.88,0.66,0.94,2.17,1.01,1.07,1.6,1.81,1.09,1.3,1.08,1.3,1.75,1.07,1.2,0.91
1977,1.25,0.97,0.84,1.57,1.14,0.82,0.95,0.81,0.56,0.58,1.36,0.87,2.21,0.74,1.15,0.94,1.42,1.64,0.94,0.71,0.93,3.62,3.03,0.87,1.29,0.82,1.1,0.84,1.12,0.7,0.92,1.56,1.04,1.57,1.97,0.95,2.65,0.7,0.96,1.89,1.68,2.22,1.01,0.77,0.92,0.98,1.7,0.63,0.94,2.11,0.98,0.93,1.51,1.72,1.05,1.28,1.08,1.27,1.62,1.02,1.12,0.84
1978,1.17,0.94,0.75,1.51,1.05,0.85,0.94,0.81,0.5,0.54,1.29,0.81,2.18,0.73,0.97,0.94,1.18,1.56,0.91,0.74,0.86,3.45,2.77,0.8,1.29,0.78,1.02,0.76,1.08,0.68,0.88,1.46,0.98,1.2,1.86,0.78,2.57,0.64,0.97,1.68,1.4,2.25,1,0.78,0.85,0.91,1.7,0.66,0.92,1.96,0.94,0.78,1.23,1.58,0.97,1.17,1.01,1.24,1.56,1.01,1.04,0.82
1979,1.16,0.9,0.65,1.49,0.91,0.81,0.88,0.8,0.49,0.45,1.24,0.8,2.12,0.72,0.94,0.91,1.11,1.45,0.91,0.73,0.76,3.59,2.68,0.76,1.28,0.81,0.96,0.75,1.07,0.64,0.88,1.47,0.96,1.41,1.95,0.76,2.52,0.61,0.91,1.63,1.37,2.77,0.99,0.77,0.7,0.86,1.98,0.64,0.93,2.04,0.94,0.74,1.15,1.76,0.91,1.08,0.98,1.2,1.42,0.98,0.93,0.76
1980,1.1,0.86,0.45,1.42,0.92,0.78,0.79,0.81,0.49,0.38,1.15,0.79,2.11,0.73,0.87,0.91,1.08,1.45,0.92,0.73,0.73,3.7,2.85,0.72,1.23,0.79,0.87,0.71,1.04,0.61,0.9,1.57,0.89,1.19,1.83,0.74,2.16,0.56,0.83,1.57,1.28,2.8,0.92,0.7,0.63,0.84,1.93,0.57,0.93,2.02,0.84,0.65,0.87,1.32,0.82,1.04,1,1.14,1.4,0.93,0.89,0.72
1981,1.03,0.82,0.41,1.33,0.94,0.83,0.75,0.75,0.47,0.38,1.11,0.76,2.13,0.76,0.86,0.89,0.99,1.41,0.98,0.69,0.66,3.84,2.64,0.65,1.13,0.76,0.74,0.72,1.01,0.58,0.74,1.48,0.82,1.04,1.53,0.63,1.6,0.42,0.8,1.47,0.88,3.06,0.84,0.49,0.6,0.83,1.88,0.55,0.88,2.03,0.81,0.58,0.78,1.25,0.77,0.99,0.91,0.86,1.17,0.9,0.82,0.72
1982,0.96,0.75,0.39,1.28,0.91,0.79,0.71,0.71,0.46,0.39,1.15,0.72,2.06,0.69,0.78,0.83,0.98,0.88,0.93,0.69,0.66,3.94,2.56,0.62,1.11,0.76,0.69,0.69,0.99,0.56,0.71,1.34,0.63,0.92,1.12,0.6,1.19,0.38,0.78,1.44,0.76,2.07,0.87,0.47,0.61,0.83,1.86,0.48,0.87,1.87,0.78,0.56,0.81,1.18,0.72,0.92,0.84,0.81,1.01,0.9,0.79,0.66
1983,0.91,0.7,0.37,1.13,0.89,0.78,0.66,0.68,0.46,0.36,0.94,0.72,1.94,0.65,0.62,0.73,1.01,1,0.92,0.66,0.63,3.85,2.54,0.57,1.01,0.72,0.7,0.69,0.99,0.54,0.71,1.25,0.64,0.89,1.04,0.6,1.09,0.34,0.75,1.25,0.64,2.27,0.88,0.42,0.49,0.83,1.81,0.43,0.86,1.72,0.76,0.47,0.65,1.04,0.65,0.85,0.71,0.77,0.98,0.87,0.79,0.66
1984,0.88,0.67,0.36,1.1,0.85,0.78,0.65,0.71,0.45,0.37,0.88,0.71,1.84,0.67,0.56,0.7,0.95,0.9,0.81,0.67,0.66,3.57,2.48,0.59,1.01,0.74,0.67,0.66,0.97,0.55,0.69,1.17,0.64,1.09,0.67,0.57,0.63,0.3,0.75,1.13,0.59,2.8,0.86,0.35,0.44,0.82,1.98,0.4,0.87,1.61,0.73,0.45,0.53,1.07,0.53,0.8,0.69,0.74,0.9,0.87,0.77,0.62
1985,0.89,0.65,0.35,1.1,0.91,0.75,0.61,0.64,0.45,0.41,0.86,0.69,1.72,0.63,0.53,0.65,1.03,0.87,0.74,0.66,0.68,3.72,2.49,0.59,0.93,0.72,0.67,0.67,0.94,0.54,0.71,1.16,0.64,1.05,0.66,0.56,0.65,0.28,0.74,1.25,0.57,3.03,0.87,0.34,0.49,0.82,2.09,0.37,0.88,1.52,0.72,0.58,0.98,1.18,0.5,0.87,0.65,0.74,0.86,0.88,0.75,0.62
1986,0.91,0.63,0.34,1.1,0.94,0.73,0.61,0.62,0.43,0.43,0.88,0.68,1.6,0.65,0.51,0.64,1.03,0.95,0.86,0.65,0.75,4.48,2.43,0.6,0.96,0.71,0.68,0.68,0.89,0.53,0.7,1.17,0.65,0.88,0.61,0.55,0.73,0.25,0.75,1.36,0.56,3.68,0.93,0.31,0.58,0.81,2.04,0.32,0.9,1.53,0.71,0.59,0.94,1.11,0.5,0.86,0.74,0.73,0.88,0.86,0.73,0.66
1987,0.9,0.61,0.34,1.1,0.93,0.7,0.63,0.63,0.4,0.51,0.99,0.66,1.51,0.63,0.47,0.6,1.02,0.86,0.82,0.68,0.75,4.57,1.99,0.6,0.97,0.72,0.67,0.7,0.88,0.55,0.65,1.13,0.61,0.92,0.61,0.53,0.73,0.26,0.75,1.39,0.51,3.68,0.95,0.31,0.53,0.86,2.27,0.31,0.91,1.4,0.67,0.58,0.94,1.12,0.47,0.85,0.78,0.75,0.86,0.85,0.81,0.69
1988,0.89,0.6,0.35,1.12,0.87,0.61,0.61,0.62,0.4,0.5,0.97,0.67,1.37,0.65,0.38,0.57,1.03,0.87,0.75,0.69,0.83,4.47,1.99,0.59,0.94,0.7,0.67,0.66,0.89,0.54,0.58,1.12,0.6,0.96,0.58,0.53,0.77,0.26,0.75,1.18,0.51,3.43,0.95,0.35,0.59,0.81,2.55,0.28,0.92,1.23,0.66,0.6,0.97,1.2,0.49,0.87,0.88,0.73,0.77,0.82,0.81,0.69
1989,0.94,0.62,0.37,1.18,0.87,0.65,0.65,0.65,0.39,0.49,1.14,0.66,1.34,0.66,0.41,0.62,0.97,0.84,0.77,0.7,0.8,5.32,1.97,0.57,0.9,0.66,0.71,0.67,0.91,0.55,0.56,1.18,0.56,1.01,0.65,0.53,0.83,0.29,0.78,1.26,0.62,3.69,0.93,0.38,0.52,0.79,2.75,0.29,0.94,1.22,0.89,0.65,0.97,1.19,0.56,0.95,0.95,0.91,0.84,0.79,0.89,0.72
1990,0.94,0.63,0.5,1.22,0.92,0.62,0.64,0.63,0.4,0.53,1.16,0.64,1.23,0.68,0.43,0.61,0.91,0.74,0.73,0.69,0.78,5.29,1.99,0.56,0.92,0.68,0.56,0.65,0.87,0.55,0.52,1.2,0.57,1.1,0.66,0.5,0.9,0.29,0.76,1.38,0.68,3.5,0.94,0.4,0.53,0.85,3.11,0.3,0.91,1.3,0.89,0.65,1,1.16,0.68,0.92,1.02,0.91,0.81,0.77,0.81,0.74
1991,0.94,0.63,0.48,1.22,0.93,0.77,0.64,0.61,0.4,0.53,1.27,0.63,1.23,0.67,0.52,0.63,1.03,0.73,0.75,0.68,0.77,5.01,2.08,0.56,0.88,0.65,0.53,0.62,0.89,0.57,0.58,1.12,0.52,0.86,0.64,0.51,0.83,0.31,0.74,1.4,0.63,3.18,0.97,0.5,0.5,0.8,3.33,0.3,0.91,1.56,0.91,0.62,0.98,1.01,0.8,0.92,1.08,0.9,0.9,0.73,0.84,0.74
1992,0.92,0.63,0.46,1.28,0.91,0.73,0.64,0.64,0.4,0.5,1.26,0.63,1.22,0.65,0.52,0.62,0.93,0.72,0.8,0.67,0.76,5.17,2.18,0.57,0.88,0.66,0.53,0.6,0.87,0.58,0.53,1.07,0.5,0.83,0.58,0.52,0.71,0.3,0.71,1.29,0.55,2.86,0.97,0.5,0.41,0.86,3.48,0.28,0.91,1.45,0.9,0.45,0.47,0.84,0.78,0.84,1.15,0.9,0.9,0.72,0.84,0.79
1993,0.87,0.66,0.45,1.3,0.93,0.73,0.63,0.64,0.39,0.49,1.33,0.62,1.23,0.63,0.55,0.65,0.93,0.64,0.67,0.65,0.74,4.15,2.08,0.57,0.84,0.64,0.5,0.56,0.86,0.61,0.53,1.03,0.49,0.76,0.57,0.53,0.57,0.3,0.73,1.22,0.52,1.73,0.89,0.5,0.35,0.86,3.79,0.29,0.87,1.49,0.93,0.44,0.46,0.72,0.8,0.84,1.17,0.87,1.05,0.69,0.84,0.81
1994,0.88,0.66,0.44,1.33,0.97,0.76,0.62,0.59,0.4,0.42,1.3,0.61,1.2,0.66,0.52,0.65,0.91,0.66,0.68,0.59,0.73,3.92,2.14,0.59,0.86,0.61,0.48,0.55,0.84,0.6,0.53,1.06,0.55,0.72,0.88,0.53,0.81,0.31,0.73,1.24,0.53,1.65,0.97,0.51,0.35,0.86,3.63,0.3,0.87,1.42,0.95,0.4,0.44,0.8,0.95,0.85,1.25,0.85,1.1,0.66,0.75,0.79
1995,0.87,0.65,0.43,1.3,0.99,0.74,0.62,0.6,0.39,0.44,1.44,0.59,1.16,0.94,0.52,0.65,0.88,0.62,0.65,0.56,0.62,3.82,2.17,0.57,0.84,0.59,0.5,0.54,0.82,0.61,0.56,1.01,0.52,0.67,0.91,0.52,0.81,0.29,0.7,1.17,0.52,1.62,0.96,0.52,0.21,0.87,3.54,0.31,0.85,1.5,0.95,0.35,0.35,0.69,0.99,0.82,1.27,0.87,1.14,0.67,0.82,0.84
1996,0.81,0.63,0.39,1.27,1.04,0.7,0.58,0.57,0.43,0.46,1.2,0.58,1.13,0.89,0.48,0.61,0.91,0.59,0.63,0.52,0.62,2.77,2.21,0.57,0.84,0.57,0.44,0.51,0.74,0.62,0.56,0.9,0.52,0.55,0.85,0.52,0.75,0.26,0.66,1.19,0.4,1.16,0.97,0.51,0.26,0.87,3.48,0.28,0.77,1.38,0.82,0.3,0.32,0.64,0.94,0.73,1.45,0.69,1.16,0.64,0.77,0.85
1997,0.82,0.62,0.25,1.23,1.11,0.72,0.62,0.59,0.39,0.42,1.25,0.59,1.19,0.84,0.5,0.62,0.88,0.6,0.65,0.52,0.62,2.8,2.38,0.58,0.85,0.55,0.43,0.51,0.72,0.62,0.56,0.84,0.5,0.5,0.87,0.51,0.76,0.26,0.66,1.28,0.39,1.09,0.95,0.52,0.3,0.79,3.25,0.31,0.76,1.31,0.81,0.31,0.38,0.66,0.88,0.79,1.55,0.69,1.32,0.63,0.79,0.87
1998,0.8,0.62,0.25,1.23,1.18,0.55,0.62,0.58,0.4,0.43,1.23,0.58,1.19,0.87,0.41,0.6,0.73,0.6,0.63,0.51,0.6,2.86,2.34,0.57,0.87,0.55,0.45,0.51,0.68,0.6,0.51,0.8,0.5,0.51,0.94,0.5,0.86,0.25,0.65,1.37,0.4,0.93,0.95,0.45,0.35,0.82,3.12,0.3,0.73,1.07,0.82,0.32,0.41,0.64,0.81,0.79,1.63,0.7,1.3,0.63,0.77,0.94
1999,0.81,0.6,0.26,1.17,1.21,0.56,0.63,0.57,0.39,0.43,1.35,0.58,1.21,0.94,0.39,0.63,0.67,0.62,0.59,0.46,0.6,2.49,2.33,0.56,0.9,0.54,0.42,0.5,0.69,0.6,0.52,0.84,0.53,0.54,1.06,0.48,0.99,0.26,0.67,1.42,0.45,0.94,0.96,0.47,0.38,0.74,3.07,0.33,0.7,1.12,0.87,0.32,0.46,0.7,0.88,0.79,1.75,0.69,1.36,0.58,0.77,0.89
2000,0.8,0.59,0.25,1.17,1.26,0.56,0.65,0.53,0.4,0.44,1.32,0.56,1.17,1.04,0.34,0.59,0.66,0.62,0.57,0.46,0.49,2.42,2.51,0.56,0.94,0.54,0.43,0.51,0.65,0.58,0.52,0.82,0.54,0.59,1.12,0.45,1.17,0.29,0.61,1.45,0.47,0.86,0.99,0.49,0.42,0.78,2.59,0.36,0.69,0.91,0.86,0.31,0.49,0.72,0.93,0.8,1.88,0.72,1.23,0.56,0.79,0.89
